study,rel_path,side,fold,y,T,bulge_mm,area_mm2,span_mm,shaft_mm,relative
1.2.840.113619.2.110.512719.20250403090444,1.2.840.113619.2.110.512719.20250403090444/series_004_3_CR/DXA/CR DXA/CR000001.dcm,rh,4,0.0,59,13.47,99.6,24.3,35.2,0.383
1.2.840.113619.2.110.512719.20250403090444,1.2.840.113619.2.110.512719.20250403090444/series_004_3_CR/DXA/CR DXA/CR000002.dcm,lh,4,1.0,62,13.46,144.3,26.1,33.4,0.403
1.2.840.113619.2.110.512719.20250403092052,1.2.840.113619.2.110.512719.20250403092052/series_003_3_CR/DXA/CR DXA/CR000000.dcm,rh,0,0.0,65,13.43,159.1,32.2,31.0,0.434
1.2.840.113619.2.110.512719.20250403092052,1.2.840.113619.2.110.512719.20250403092052/series_003_3_CR/DXA/CR DXA/CR000002.dcm,lh,0,0.0,68,13.81,203.7,33.4,32.2,0.429
1.2.840.113619.2.110.512719.20250407113211,1.2.840.113619.2.110.512719.20250407113211/series_001_2_CR/DXA/CR DXA/CR000000.dcm,lh,4,1.0,66,13.3,161.2,24.9,32.2,0.413
1.2.840.113619.2.110.512719.20250407113211,1.2.840.113619.2.110.512719.20250407113211/series_001_2_CR/DXA/CR DXA/CR000001.dcm,rh,4,0.0,81,13.46,142.3,20.6,34.0,0.396
2.25.10245777060263212829333021434108890537,2.25.10245777060263212829333021434108890537/series_003_2_CR/A2504412435 DXA/CR DXA/CR000000.dcm,rh,0,0.0,70,13.57,388.2,41.3,32.8,0.414
2.25.10245777060263212829333021434108890537,2.25.10245777060263212829333021434108890537/series_003_2_CR/A2504412435 DXA/CR DXA/CR000002.dcm,lh,0,0.0,77,13.31,310.2,37.6,32.2,0.414
2.25.102755089973625799055786462646268820450,2.25.102755089973625799055786462646268820450/series_002_2_CR/A2504257770 DXA/CR DXA/CR000000.dcm,lh,3,0.0,70,13.63,62.8,24.3,31.6,0.432
2.25.102755089973625799055786462646268820450,2.25.102755089973625799055786462646268820450/series_002_2_CR/A2504257770 DXA/CR DXA/CR000002.dcm,rh,3,1.0,67,11.72,137.1,24.3,29.7,0.394
2.25.102965897799404973225419898683246248872,2.25.102965897799404973225419898683246248872/series_001_2_CR/A250726353 DXA/CR DXA/CR000000.dcm,lh,1,0.0,59,13.31,92.1,18.2,32.8,0.406
2.25.102965897799404973225419898683246248872,2.25.102965897799404973225419898683246248872/series_001_2_CR/A250726353 DXA/CR DXA/CR000002.dcm,rh,1,0.0,72,13.2,117.8,17.0,31.6,0.418
2.25.103868781101960771917584077315578649178,2.25.103868781101960771917584077315578649178/series_001_3_CR/A2507485409 DXA/CR DXA/CR000000.dcm,lh,4,0.0,85,13.6,400.2,49.2,29.1,0.467
2.25.103868781101960771917584077315578649178,2.25.103868781101960771917584077315578649178/series_001_3_CR/A2507485409 DXA/CR DXA/CR000001.dcm,rh,4,0.0,62,13.72,289.7,51.6,31.0,0.443
2.25.105033841136787477881326326053319223817,2.25.105033841136787477881326326053319223817/series_001_2_CR/A250790559 DXA/CR DXA/CR000002.dcm,lh,0,0.0,68,12.47,118.3,24.9,33.4,0.374
2.25.105033841136787477881326326053319223817,2.25.105033841136787477881326326053319223817/series_001_2_CR/A250790559 DXA/CR DXA/CR000003.dcm,rh,0,0.0,75,13.62,100.0,24.3,31.6,0.431
2.25.11175860580562939441493697221497597640,2.25.11175860580562939441493697221497597640/series_003_2_CR/A2507431060 DXA/CR DXA/CR000000.dcm,rh,2,,125,,,,,
2.25.11175860580562939441493697221497597640,2.25.11175860580562939441493697221497597640/series_003_2_CR/A2507431060 DXA/CR DXA/CR000002.dcm,lh,2,0.0,80,13.94,223.9,40.1,28.5,0.489
2.25.114887542067602662452692698814728642117,2.25.114887542067602662452692698814728642117/series_001_2_CR/A2504131887 DXA/CR DXA/CR000000.dcm,rh,0,1.0,89,13.64,344.7,43.1,33.4,0.409
2.25.114887542067602662452692698814728642117,2.25.114887542067602662452692698814728642117/series_001_2_CR/A2504131887 DXA/CR DXA/CR000001.dcm,lh,0,1.0,74,13.62,400.4,44.9,33.4,0.408
2.25.116822802042655971810859435524105064465,2.25.116822802042655971810859435524105064465/series_003_2_CR/A2507273296 DXA/CR DXA/CR000000.dcm,rh,1,0.0,50,12.46,89.2,25.5,29.7,0.419
2.25.116822802042655971810859435524105064465,2.25.116822802042655971810859435524105064465/series_003_2_CR/A2507273296 DXA/CR DXA/CR000001.dcm,lh,1,0.0,44,13.08,112.8,24.3,28.5,0.458
2.25.122446767306607067205618235949445789306,2.25.122446767306607067205618235949445789306/series_001_2_CR/A2504255080 DXA/CR DXA/CR000000.dcm,rh,2,1.0,61,12.81,117.6,29.7,32.8,0.391
2.25.122446767306607067205618235949445789306,2.25.122446767306607067205618235949445789306/series_001_2_CR/A2504255080 DXA/CR DXA/CR000001.dcm,lh,2,1.0,65,12.5,160.3,31.0,32.8,0.381
2.25.124890633326693921702195356152595253940,2.25.124890633326693921702195356152595253940/series_002_2_CR/A2504263153 DXA/CR DXA/CR000001.dcm,lh,2,0.0,68,13.75,203.8,27.9,27.3,0.503
2.25.124890633326693921702195356152595253940,2.25.124890633326693921702195356152595253940/series_002_2_CR/A2504263153 DXA/CR DXA/CR000002.dcm,rh,2,0.0,83,13.34,198.9,32.8,27.3,0.488
2.25.126293418391331346694592071563510265596,2.25.126293418391331346694592071563510265596/series_002_3_CR/A2507250865 DXA/CR DXA/CR000000.dcm,rh,3,0.0,65,13.92,271.4,37.0,31.0,0.45
2.25.126293418391331346694592071563510265596,2.25.126293418391331346694592071563510265596/series_002_3_CR/A2507250865 DXA/CR DXA/CR000002.dcm,lh,3,1.0,38,12.85,75.4,9.1,44.3,0.29
2.25.127126130998341190348103034690069487890,2.25.127126130998341190348103034690069487890/series_002_2_CR/A250428736 DXA/CR DXA/CR000001.dcm,lh,4,1.0,71,13.9,136.1,19.4,28.5,0.487
2.25.127126130998341190348103034690069487890,2.25.127126130998341190348103034690069487890/series_002_2_CR/A250428736 DXA/CR DXA/CR000003.dcm,rh,4,1.0,74,13.66,131.2,20.0,43.1,0.317
2.25.12798473087614376830819854616447908612,2.25.12798473087614376830819854616447908612/series_002_2_CR/A2507538847 DXA/CR DXA/CR000001.dcm,lh,1,,80,13.95,198.4,67.4,29.1,0.479
2.25.12798473087614376830819854616447908612,2.25.12798473087614376830819854616447908612/series_002_2_CR/A2507538847 DXA/CR DXA/CR000002.dcm,rh,1,,83,13.77,188.1,72.2,29.1,0.473
2.25.128990540359421489042453547244535073735,2.25.128990540359421489042453547244535073735/series_002_2_CR/A2507388698 DXA/CR DXA/CR000000.dcm,lh,3,1.0,71,13.29,178.5,29.7,32.2,0.413
2.25.128990540359421489042453547244535073735,2.25.128990540359421489042453547244535073735/series_002_2_CR/A2507388698 DXA/CR DXA/CR000003.dcm,rh,3,1.0,82,11.43,131.7,23.7,32.8,0.349
2.25.129239680100193368599713239115902740628,2.25.129239680100193368599713239115902740628/series_003_3_CR/A250757345 DXA/CR DXA/CR000000.dcm,lh,1,1.0,87,13.81,345.5,44.3,28.5,0.484
2.25.13069823278093578548407087310307113784,2.25.13069823278093578548407087310307113784/series_003_2_CR/A2507242667 DXA/CR DXA/CR000000.dcm,lh,4,0.0,74,13.74,121.5,23.1,43.7,0.314
2.25.13069823278093578548407087310307113784,2.25.13069823278093578548407087310307113784/series_003_2_CR/A2507242667 DXA/CR DXA/CR000002.dcm,rh,4,0.0,64,13.6,128.7,21.9,44.9,0.303
2.25.132083163398091874662674590622589534350,2.25.132083163398091874662674590622589534350/series_003_2_CR/A2507386583 DXA Exam/CR DXA Images/CR000000.dcm,lh,3,0.0,118,13.64,312.1,34.6,36.4,0.375
2.25.132083163398091874662674590622589534350,2.25.132083163398091874662674590622589534350/series_003_2_CR/A2507386583 DXA Exam/CR DXA Images/CR000002.dcm,rh,3,0.0,150,13.92,190.8,21.2,39.5,0.353
2.25.132272637351979990811754009849547633391,2.25.132272637351979990811754009849547633391/series_003_3_CR/A2504141080 DXA/CR DXA/CR000000.dcm,lh,4,0.0,78,12.59,101.9,17.6,32.8,0.384
2.25.132272637351979990811754009849547633391,2.25.132272637351979990811754009849547633391/series_003_3_CR/A2504141080 DXA/CR DXA/CR000001.dcm,rh,4,0.0,82,11.44,86.3,20.0,32.2,0.356
2.25.13325817932854000792938662637654885530,2.25.13325817932854000792938662637654885530/series_002_2_CR/A2507365486 DXA/CR DXA/CR000001.dcm,lh,0,0.0,60,10.9,19.9,25.5,33.4,0.326
2.25.13325817932854000792938662637654885530,2.25.13325817932854000792938662637654885530/series_002_2_CR/A2507365486 DXA/CR DXA/CR000005.dcm,rh,0,0.0,69,9.32,11.1,25.5,34.0,0.274
2.25.134456506307367483341018281460841912845,2.25.134456506307367483341018281460841912845/series_002_2_CR/A2507120612 DXA/CR DXA/CR000000.dcm,lh,0,0.0,82,13.78,205.6,38.8,29.7,0.463
2.25.134456506307367483341018281460841912845,2.25.134456506307367483341018281460841912845/series_002_2_CR/A2507120612 DXA/CR DXA/CR000002.dcm,rh,0,0.0,70,13.47,214.6,40.7,29.7,0.453
2.25.135241889065705954191821710363605596815,2.25.135241889065705954191821710363605596815/series_003_3_CR/A250715060 DXA/CR DXA/CR000000.dcm,lh,1,0.0,61,13.59,179.2,25.5,37.0,0.367
2.25.137344827330550141320158285144101816664,2.25.137344827330550141320158285144101816664/series_003_3_CR/A2507146630 DXA/CR DXA/CR000001.dcm,lh,4,0.0,85,12.53,113.4,20.0,30.3,0.413
2.25.137344827330550141320158285144101816664,2.25.137344827330550141320158285144101816664/series_003_3_CR/A2507146630 DXA/CR DXA/CR000002.dcm,rh,4,0.0,69,8.1,53.1,21.2,31.0,0.262
2.25.13983650679559142983913935144968795415,2.25.13983650679559142983913935144968795415/series_003_2_CR/A2504335111 DXA/CR DXA/CR000001.dcm,rh,1,0.0,69,13.9,269.0,40.1,28.8,0.482
2.25.13983650679559142983913935144968795415,2.25.13983650679559142983913935144968795415/series_003_2_CR/A2504335111 DXA/CR DXA/CR000002.dcm,lh,1,0.0,77,13.46,234.4,36.4,27.9,0.482
2.25.144941557565802351596730914409170713112,2.25.144941557565802351596730914409170713112/series_001_2_CR/A250728979 DXA/CR DXA/CR000000.dcm,lh,1,0.0,86,8.94,96.6,20.0,32.8,0.273
2.25.144941557565802351596730914409170713112,2.25.144941557565802351596730914409170713112/series_001_2_CR/A250728979 DXA/CR DXA/CR000002.dcm,rh,1,1.0,85,6.98,63.2,18.2,32.8,0.213
2.25.145848300160680194368420189079847088556,2.25.145848300160680194368420189079847088556/series_002_2_CR/A2504248615 DXA Exam/CR DXA Images/CR000000.dcm,rh,2,0.0,144,13.41,176.0,24.3,32.8,0.409
2.25.145848300160680194368420189079847088556,2.25.145848300160680194368420189079847088556/series_002_2_CR/A2504248615 DXA Exam/CR DXA Images/CR000001.dcm,lh,2,1.0,157,13.37,148.7,21.9,32.5,0.412
2.25.151186844055172005615813066162721550889,2.25.151186844055172005615813066162721550889/series_002_2_CR/A250436130 DXA/CR DXA/CR000001.dcm,lh,3,0.0,59,13.74,384.5,49.8,30.3,0.453
2.25.151186844055172005615813066162721550889,2.25.151186844055172005615813066162721550889/series_002_2_CR/A250436130 DXA/CR DXA/CR000002.dcm,rh,3,0.0,68,11.39,61.3,33.4,36.1,0.315
2.25.156021661584944120526934974594604520993,2.25.156021661584944120526934974594604520993/series_003_2_CR/A2507142228 DXA/CR DXA/CR000001.dcm,lh,2,0.0,79,13.53,132.0,23.7,35.8,0.378
2.25.156021661584944120526934974594604520993,2.25.156021661584944120526934974594604520993/series_003_2_CR/A2507142228 DXA/CR DXA/CR000003.dcm,rh,2,0.0,76,13.38,129.9,26.1,34.0,0.394
2.25.156375884487675936513403083218009333856,2.25.156375884487675936513403083218009333856/series_003_2_CR/A250727121 DXA/CR DXA/CR000000.dcm,lh,3,0.0,69,13.54,179.8,32.2,31.6,0.429
2.25.156375884487675936513403083218009333856,2.25.156375884487675936513403083218009333856/series_003_2_CR/A250727121 DXA/CR DXA/CR000004.dcm,rh,3,0.0,84,13.94,158.0,24.3,31.9,0.437
2.25.156389075510671877606923458507011517218,2.25.156389075510671877606923458507011517218/series_001_2_CR/A2507389755 DXA/CR DXA/CR000000.dcm,rh,0,0.0,79,13.06,173.5,40.7,36.4,0.359
2.25.156389075510671877606923458507011517218,2.25.156389075510671877606923458507011517218/series_001_2_CR/A2507389755 DXA/CR DXA/CR000001.dcm,lh,0,0.0,78,13.93,192.0,39.5,34.6,0.403
2.25.157462338378550185821790046400986801350,2.25.157462338378550185821790046400986801350/series_001_2_CR/A2507498707 DXA/CR DXA/CR000001.dcm,rh,0,1.0,80,13.5,20.2,29.7,28.5,0.473
2.25.157462338378550185821790046400986801350,2.25.157462338378550185821790046400986801350/series_001_2_CR/A2507498707 DXA/CR DXA/CR000003.dcm,lh,0,1.0,69,9.57,8.4,28.5,27.9,0.343
2.25.158646777318759504110695916200521633609,2.25.158646777318759504110695916200521633609/series_003_6_CR/A2507266260 DXA/CR DXA/CR000000.dcm,rh,2,0.0,67,13.71,242.0,42.5,25.8,0.532
2.25.158646777318759504110695916200521633609,2.25.158646777318759504110695916200521633609/series_003_6_CR/A2507266260 DXA/CR DXA/CR000003.dcm,lh,2,0.0,75,13.68,241.1,42.5,26.7,0.512
2.25.164566280810634620154538016595892212884,2.25.164566280810634620154538016595892212884/series_001_2_CR/A2504291878 DXA Exam/CR DXA Images/CR000000.dcm,rh,2,1.0,157,,,,,
2.25.164566280810634620154538016595892212884,2.25.164566280810634620154538016595892212884/series_001_2_CR/A2504291878 DXA Exam/CR DXA Images/CR000002.dcm,lh,2,0.0,165,,,,,
2.25.165091430504580219034019815337441064349,2.25.165091430504580219034019815337441064349/series_001_2_CR/A2504415443 DXA/CR DXA/CR000000.dcm,rh,2,0.0,63,12.9,112.9,22.5,32.8,0.394
2.25.165091430504580219034019815337441064349,2.25.165091430504580219034019815337441064349/series_001_2_CR/A2504415443 DXA/CR DXA/CR000001.dcm,lh,2,1.0,70,13.59,145.7,21.9,31.6,0.431
2.25.165355673991587715046346525964554729786,2.25.165355673991587715046346525964554729786/series_003_3_CR/A2506448267 DXA/CR DXA/CR000000.dcm,lh,1,0.0,86,13.6,220.3,33.4,31.6,0.431
2.25.167344201679287285499405412654740659745,2.25.167344201679287285499405412654740659745/series_003_2_CR/A2504249537 DXA/CR DXA/CR000000.dcm,rh,1,0.0,72,13.57,193.1,23.7,29.4,0.461
2.25.167344201679287285499405412654740659745,2.25.167344201679287285499405412654740659745/series_003_2_CR/A2504249537 DXA/CR DXA/CR000001.dcm,lh,1,0.0,59,13.58,239.9,27.3,28.5,0.476
2.25.16773626720107440979805052259711419763,2.25.16773626720107440979805052259711419763/series_004_2_CR/A2507537392 DXA/CR DXA/CR000001.dcm,rh,3,0.0,80,13.41,134.3,19.4,32.2,0.417
2.25.16773626720107440979805052259711419763,2.25.16773626720107440979805052259711419763/series_004_2_CR/A2507537392 DXA/CR DXA/CR000004.dcm,lh,3,0.0,70,13.43,137.3,24.9,31.0,0.434
2.25.168317503020329569414190677927680518621,2.25.168317503020329569414190677927680518621/series_004_2_CR/A2507557128 DXA/CR DXA/CR000000.dcm,lh,1,0.0,66,13.55,180.7,24.3,28.5,0.475
2.25.168317503020329569414190677927680518621,2.25.168317503020329569414190677927680518621/series_004_2_CR/A2507557128 DXA/CR DXA/CR000004.dcm,rh,1,0.0,83,13.81,190.9,30.3,27.9,0.495
2.25.172445998420765569384934552191547932566,2.25.172445998420765569384934552191547932566/series_004_2_CR/A2507368766 DXA/CR DXA/CR000001.dcm,rh,4,0.0,71,13.84,273.3,40.1,28.5,0.485
2.25.172445998420765569384934552191547932566,2.25.172445998420765569384934552191547932566/series_004_2_CR/A2507368766 DXA/CR DXA/CR000002.dcm,lh,4,0.0,76,13.95,340.3,57.1,27.9,0.5
2.25.173731186748227489808861376513577450951,2.25.173731186748227489808861376513577450951/series_002_2_CR/A2507188958 DXA/CR DXA/CR000001.dcm,lh,0,0.0,77,13.11,141.0,26.7,30.7,0.428
2.25.173753313169335820519632380691065649420,2.25.173753313169335820519632380691065649420/series_003_2_CR/A2504265499 DXA/CR DXA/CR000000.dcm,rh,1,0.0,62,13.24,98.3,26.1,40.1,0.331
2.25.173753313169335820519632380691065649420,2.25.173753313169335820519632380691065649420/series_003_2_CR/A2504265499 DXA/CR DXA/CR000003.dcm,lh,1,0.0,70,11.81,103.6,23.1,36.1,0.327
2.25.175881661753775295785039265792986971602,2.25.175881661753775295785039265792986971602/series_003_2_CR/A2507266462 DXA/CR DXA/CR000000.dcm,rh,3,0.0,73,13.35,195.6,31.0,27.9,0.478
2.25.175881661753775295785039265792986971602,2.25.175881661753775295785039265792986971602/series_003_2_CR/A2507266462 DXA/CR DXA/CR000002.dcm,lh,3,0.0,67,10.19,46.7,32.8,27.3,0.373
2.25.175903805423871105435148927871625232853,2.25.175903805423871105435148927871625232853/series_001_2_CR/A2507159447 DXA/CR DXA/CR000001.dcm,rh,4,0.0,60,13.5,311.2,46.7,27.9,0.483
2.25.175903805423871105435148927871625232853,2.25.175903805423871105435148927871625232853/series_001_2_CR/A2507159447 DXA/CR DXA/CR000002.dcm,lh,4,0.0,80,13.82,302.6,41.3,27.9,0.495
2.25.17706555930735581384953296958427669848,2.25.17706555930735581384953296958427669848/series_004_3_CR/A2504146513 DXA/CR DXA/CR000000.dcm,lh,4,0.0,68,13.18,117.4,24.9,28.5,0.462
2.25.17706555930735581384953296958427669848,2.25.17706555930735581384953296958427669848/series_004_3_CR/A2504146513 DXA/CR DXA/CR000003.dcm,rh,4,0.0,64,12.82,114.0,25.5,31.3,0.41
2.25.177745077805190810016231350557005569203,2.25.177745077805190810016231350557005569203/series_002_2_CR/A2504273759 DXA/CR DXA/CR000000.dcm,lh,4,0.0,61,0.17,0.1,48.6,33.4,0.005
2.25.177745077805190810016231350557005569203,2.25.177745077805190810016231350557005569203/series_002_2_CR/A2504273759 DXA/CR DXA/CR000004.dcm,rh,4,0.0,63,13.65,46.8,24.3,34.0,0.402
2.25.181196659018348153828200695057897449628,2.25.181196659018348153828200695057897449628/series_004_2_CR/A2507370620 DXA/CR DXA/CR000000.dcm,lh,0,0.0,80,13.8,224.4,35.2,17.0,0.812
2.25.181196659018348153828200695057897449628,2.25.181196659018348153828200695057897449628/series_004_2_CR/A2507370620 DXA/CR DXA/CR000001.dcm,rh,0,0.0,80,13.82,139.7,20.6,31.6,0.438
2.25.184198356665635336833172191504278054074,2.25.184198356665635336833172191504278054074/series_004_2_CR/A250788286 DXA/CR DXA/CR000001.dcm,lh,4,0.0,79,13.72,313.6,45.5,28.2,0.486
2.25.184198356665635336833172191504278054074,2.25.184198356665635336833172191504278054074/series_004_2_CR/A250788286 DXA/CR DXA/CR000002.dcm,rh,4,0.0,78,13.84,346.1,44.9,27.3,0.507
2.25.186201010600484120326273381077449377115,2.25.186201010600484120326273381077449377115/series_004_2_CR/A250777475 DXA/CR DXA/CR000000.dcm,lh,4,0.0,71,11.14,125.2,31.6,32.2,0.346
2.25.186201010600484120326273381077449377115,2.25.186201010600484120326273381077449377115/series_004_2_CR/A250777475 DXA/CR DXA/CR000002.dcm,rh,4,0.0,73,12.14,122.3,28.5,32.8,0.37
2.25.190331309633057244929837507901317950031,2.25.190331309633057244929837507901317950031/series_001_2_CR/A250791815 DXA/CR DXA/CR000000.dcm,lh,4,0.0,67,9.29,69.7,17.0,32.8,0.283
2.25.190331309633057244929837507901317950031,2.25.190331309633057244929837507901317950031/series_001_2_CR/A250791815 DXA/CR DXA/CR000004.dcm,rh,4,1.0,75,7.79,43.8,12.7,35.2,0.221
2.25.190807933410234695931591553323782771995,2.25.190807933410234695931591553323782771995/series_002_3_CR/A250762254 DXA/CR DXA/CR000001.dcm,lh,0,0.0,102,12.75,216.7,38.2,28.5,0.447
2.25.215177279960644564778148238928738915103,2.25.215177279960644564778148238928738915103/series_002_2_CR/A2504147013 DXA/CR DXA/CR000000.dcm,lh,3,1.0,67,13.74,204.0,67.4,27.9,0.492
2.25.215177279960644564778148238928738915103,2.25.215177279960644564778148238928738915103/series_002_2_CR/A2504147013 DXA/CR DXA/CR000002.dcm,rh,3,1.0,63,13.72,233.6,55.8,27.3,0.502
2.25.217397325224876728316360420804118329081,2.25.217397325224876728316360420804118329081/series_002_2_CR/A250474631 DXA/CR DXA/CR000000.dcm,lh,1,0.0,81,10.16,71.3,24.3,31.0,0.328
2.25.217397325224876728316360420804118329081,2.25.217397325224876728316360420804118329081/series_002_2_CR/A250474631 DXA/CR DXA/CR000001.dcm,rh,1,0.0,78,13.18,120.0,26.7,31.0,0.426
2.25.234651502352368356456298825489565282446,2.25.234651502352368356456298825489565282446/series_002_2_CR/A2504307193 DXA/CR DXA/CR000000.dcm,rh,1,1.0,78,0.17,0.1,15.2,32.5,0.005
2.25.234651502352368356456298825489565282446,2.25.234651502352368356456298825489565282446/series_002_2_CR/A2504307193 DXA/CR DXA/CR000003.dcm,lh,1,1.0,63,-2.34,0.0,7.3,35.8,-0.065
2.25.247714038039430659432048101646401574824,2.25.247714038039430659432048101646401574824/series_002_2_CR/A2504238024 DXA Exam/CR DXA Images/CR000000.dcm,lh,4,0.0,166,13.93,196.7,28.5,31.6,0.441
2.25.247714038039430659432048101646401574824,2.25.247714038039430659432048101646401574824/series_002_2_CR/A2504238024 DXA Exam/CR DXA Images/CR000001.dcm,rh,4,0.0,156,13.6,154.9,29.1,31.3,0.435
2.25.269648774413746842548908998641183395622,2.25.269648774413746842548908998641183395622/series_001_2_CR/A2504393664 DXA/CR DXA/CR000000.dcm,rh,0,0.0,76,13.46,152.2,22.5,31.6,0.426
2.25.269648774413746842548908998641183395622,2.25.269648774413746842548908998641183395622/series_001_2_CR/A2504393664 DXA/CR DXA/CR000002.dcm,lh,0,0.0,62,13.35,191.0,26.1,31.6,0.423
2.25.272690031744216183651627058502316132741,2.25.272690031744216183651627058502316132741/series_002_2_CR/A2504373414 DXA/CR DXA/CR000000.dcm,rh,3,0.0,71,13.84,186.8,55.8,27.3,0.507
2.25.272690031744216183651627058502316132741,2.25.272690031744216183651627058502316132741/series_002_2_CR/A2504373414 DXA/CR DXA/CR000002.dcm,lh,3,1.0,82,13.69,344.2,56.5,28.5,0.48
2.25.276415754443998872860614500027519740375,2.25.276415754443998872860614500027519740375/series_002_2_CR/A2504387089 DXA/CR DXA/CR000002.dcm,rh,2,0.0,66,13.91,299.6,38.8,29.1,0.478
2.25.276415754443998872860614500027519740375,2.25.276415754443998872860614500027519740375/series_002_2_CR/A2504387089 DXA/CR DXA/CR000003.dcm,lh,2,0.0,85,13.74,211.2,29.1,30.3,0.453
2.25.277752758923974029595977676354128739670,2.25.277752758923974029595977676354128739670/series_002_2_CR/A2504223752 DXA/CR DXA/CR000000.dcm,rh,2,0.0,82,13.47,152.9,19.4,32.8,0.411
2.25.277752758923974029595977676354128739670,2.25.277752758923974029595977676354128739670/series_002_2_CR/A2504223752 DXA/CR DXA/CR000001.dcm,lh,2,0.0,62,13.86,190.8,26.1,31.0,0.448
2.25.286999464611662854355201599068538813496,2.25.286999464611662854355201599068538813496/series_003_2_CR/A2504223477 DXA/CR DXA/CR000000.dcm,rh,1,0.0,66,13.88,237.2,35.2,30.3,0.457
2.25.286999464611662854355201599068538813496,2.25.286999464611662854355201599068538813496/series_003_2_CR/A2504223477 DXA/CR DXA/CR000002.dcm,lh,1,0.0,66,13.84,238.6,33.4,29.7,0.465
2.25.29638026465755240167985424461715024381,2.25.29638026465755240167985424461715024381/series_004_3_CR/A2504115579 DXA/CR DXA/CR000000.dcm,rh,4,0.0,74,13.85,185.7,26.1,30.3,0.457
2.25.29638026465755240167985424461715024381,2.25.29638026465755240167985424461715024381/series_004_3_CR/A2504115579 DXA/CR DXA/CR000003.dcm,lh,4,0.0,85,12.44,104.7,22.5,30.3,0.41
2.25.307021710202910067378603383388989711646,2.25.307021710202910067378603383388989711646/series_004_2_CR/A2504110565 DXA/CR DXA/CR000001.dcm,rh,1,0.0,63,13.6,251.0,36.4,29.4,0.462
2.25.307021710202910067378603383388989711646,2.25.307021710202910067378603383388989711646/series_004_2_CR/A2504110565 DXA/CR DXA/CR000004.dcm,lh,1,0.0,66,13.6,252.1,41.9,30.3,0.448
2.25.309085571913348252136520206003694446566,2.25.309085571913348252136520206003694446566/series_002_2_CR/A2504116267 DXA/CR DXA/CR000001.dcm,lh,3,0.0,73,13.44,190.4,41.9,28.5,0.471
2.25.309085571913348252136520206003694446566,2.25.309085571913348252136520206003694446566/series_002_2_CR/A2504116267 DXA/CR DXA/CR000002.dcm,rh,3,0.0,65,13.93,294.4,44.3,25.5,0.547
2.25.314147167453134440746270747484612743945,2.25.314147167453134440746270747484612743945/series_002_2_CR/A2504224780 DXA/CR DXA/CR000000.dcm,rh,3,0.0,62,9.44,103.9,31.6,31.3,0.302
2.25.314147167453134440746270747484612743945,2.25.314147167453134440746270747484612743945/series_002_2_CR/A2504224780 DXA/CR DXA/CR000001.dcm,lh,3,0.0,81,12.18,88.1,27.9,34.6,0.352
2.25.339027809107632348165171236474821772940,2.25.339027809107632348165171236474821772940/series_001_2_CR/A2504349642 DXA/CR DXA/CR000000.dcm,rh,1,0.0,62,13.54,269.4,61.9,27.3,0.496
2.25.339027809107632348165171236474821772940,2.25.339027809107632348165171236474821772940/series_001_2_CR/A2504349642 DXA/CR DXA/CR000002.dcm,lh,1,0.0,76,13.72,306.0,57.1,26.7,0.514
2.25.340839477910528898406207279980417945,2.25.340839477910528898406207279980417945/series_001_2_CR/A2504224555 DXA Exam/CR DXA Images/CR000000.dcm,lh,3,0.0,124,12.65,39.7,14.0,44.6,0.284
2.25.340839477910528898406207279980417945,2.25.340839477910528898406207279980417945/series_001_2_CR/A2504224555 DXA Exam/CR DXA Images/CR000001.dcm,rh,3,0.0,145,8.07,6.8,2.4,40.1,0.201
2.25.37515662379281069436632838996073181551,2.25.37515662379281069436632838996073181551/series_001_2_CR/A2504329840 DXA/CR DXA/CR000001.dcm,lh,1,0.0,62,13.58,181.5,31.0,27.9,0.486
2.25.37515662379281069436632838996073181551,2.25.37515662379281069436632838996073181551/series_001_2_CR/A2504329840 DXA/CR DXA/CR000002.dcm,rh,1,0.0,67,13.71,168.3,24.3,30.3,0.452
2.25.39068163399801173920284179500049527111,2.25.39068163399801173920284179500049527111/series_002_2_CR/A2504195842 DXA/CR DXA/CR000000.dcm,rh,2,1.0,63,6.17,7.9,15.2,28.5,0.216
2.25.39068163399801173920284179500049527111,2.25.39068163399801173920284179500049527111/series_002_2_CR/A2504195842 DXA/CR DXA/CR000001.dcm,lh,2,1.0,71,12.79,18.0,22.5,28.5,0.448
2.25.48906424954135283790354958243772558962,2.25.48906424954135283790354958243772558962/series_001_2_CR/A2504185596 DXA Exam/CR DXA Images/CR000000.dcm,rh,0,1.0,123,13.6,371.9,41.9,27.9,0.487
2.25.48906424954135283790354958243772558962,2.25.48906424954135283790354958243772558962/series_001_2_CR/A2504185596 DXA Exam/CR DXA Images/CR000001.dcm,lh,0,1.0,109,13.46,41.2,11.5,35.2,0.382
2.25.52982400970721161435951723390541696819,2.25.52982400970721161435951723390541696819/series_001_2_CR/A2504331065 DXA/CR DXA/CR000000.dcm,rh,0,0.0,78,13.34,192.7,26.7,31.0,0.431
2.25.52982400970721161435951723390541696819,2.25.52982400970721161435951723390541696819/series_001_2_CR/A2504331065 DXA/CR DXA/CR000001.dcm,lh,0,0.0,83,13.87,271.2,29.7,29.1,0.476
2.25.65954778282254353457041255543338557112,2.25.65954778282254353457041255543338557112/series_004_3_CR/A2504246289 DXA/CR DXA/CR000000.dcm,rh,3,0.0,69,13.94,293.8,38.2,26.1,0.534
2.25.65954778282254353457041255543338557112,2.25.65954778282254353457041255543338557112/series_004_3_CR/A2504246289 DXA/CR DXA/CR000001.dcm,lh,3,0.0,77,13.56,270.9,37.6,25.5,0.532
2.25.66397484472966116002950503539482860450,2.25.66397484472966116002950503539482860450/series_001_2_CR/A2504194637 DXA/CR DXA/CR000000.dcm,lh,0,1.0,66,13.37,12.0,24.9,35.2,0.38
2.25.66397484472966116002950503539482860450,2.25.66397484472966116002950503539482860450/series_001_2_CR/A2504194637 DXA/CR DXA/CR000003.dcm,rh,0,1.0,75,12.98,385.6,54.0,29.1,0.446
2.25.73070100851377917031356937075051545239,2.25.73070100851377917031356937075051545239/series_002_2_CR/A2504239110 DXA/CR DXA/CR000000.dcm,lh,2,1.0,61,8.73,78.7,21.2,30.3,0.287
2.25.73070100851377917031356937075051545239,2.25.73070100851377917031356937075051545239/series_002_2_CR/A2504239110 DXA/CR DXA/CR000001.dcm,rh,2,1.0,75,13.87,73.9,23.7,29.7,0.466
2.25.76710355977373089612172037086913478687,2.25.76710355977373089612172037086913478687/series_002_3_CR/A2504104830 DXA/CR DXA/CR000000.dcm,rh,3,0.0,88,11.53,17.2,20.0,32.2,0.358
2.25.76710355977373089612172037086913478687,2.25.76710355977373089612172037086913478687/series_002_3_CR/A2504104830 DXA/CR DXA/CR000002.dcm,lh,3,0.0,90,13.45,194.3,24.9,27.3,0.492
2.25.78999454687125053757525542837745968726,2.25.78999454687125053757525542837745968726/series_004_3_CR/A2504222617 DXA/CR DXA/CR000000.dcm,lh,0,1.0,81,12.66,74.5,23.7,32.2,0.393
2.25.78999454687125053757525542837745968726,2.25.78999454687125053757525542837745968726/series_004_3_CR/A2504222617 DXA/CR DXA/CR000001.dcm,rh,0,1.0,61,8.55,41.0,22.5,31.6,0.271
2.25.82912555346523716720160717883917565880,2.25.82912555346523716720160717883917565880/series_002_2_CR/A2504149480 DXA/CR DXA/CR000000.dcm,lh,3,0.0,71,13.62,235.7,29.1,29.7,0.458
2.25.82912555346523716720160717883917565880,2.25.82912555346523716720160717883917565880/series_002_2_CR/A2504149480 DXA/CR DXA/CR000002.dcm,rh,3,1.0,69,13.48,277.5,30.3,29.1,0.463
2.25.87869906212286587478854831452123526595,2.25.87869906212286587478854831452123526595/series_002_2_CR/A250419699 DXA/CR DXA/CR000000.dcm,lh,3,0.0,86,11.37,212.5,38.8,28.2,0.403
2.25.87869906212286587478854831452123526595,2.25.87869906212286587478854831452123526595/series_002_2_CR/A250419699 DXA/CR DXA/CR000002.dcm,rh,3,0.0,67,13.37,309.3,48.6,26.1,0.512
2.25.91981043841368764114007975581101713077,2.25.91981043841368764114007975581101713077/series_003_2_CR/A250496619 DXA/CR DXA/CR000000.dcm,lh,1,0.0,77,13.26,204.3,34.6,33.7,0.394
2.25.91981043841368764114007975581101713077,2.25.91981043841368764114007975581101713077/series_003_2_CR/A250496619 DXA/CR DXA/CR000002.dcm,rh,1,0.0,69,13.5,211.2,37.0,33.4,0.405
