epoch,loss,median_mm
0,4.817139148712158,95.12257385253906
1,4.30971097946167,95.23776245117188
2,4.138984203338623,93.64515686035156
3,4.169088840484619,98.44479370117188
4,3.7924795150756836,105.23401641845703
5,3.8218648433685303,105.3763198852539
6,3.4352200031280518,102.65016174316406
7,3.4784722328186035,101.11459350585938
8,3.490816116333008,96.17587280273438
9,3.1993610858917236,98.43357849121094
10,3.3321139812469482,98.07197570800781
11,3.130812406539917,97.77479553222656
12,2.770110607147217,97.1004867553711
13,2.917907953262329,95.35826110839844
14,2.987436294555664,96.97611999511719
15,2.9173295497894287,97.89932250976562
16,2.7096941471099854,98.30010223388672
17,2.4002623558044434,98.04037475585938
18,2.534198522567749,98.4696044921875
19,2.3696722984313965,97.98412322998047
20,2.446671724319458,98.55995178222656
21,2.3291876316070557,98.7430419921875
22,2.4102730751037598,97.90026092529297
23,2.449232339859009,97.37275695800781
24,2.17704439163208,97.31723022460938
25,2.243779182434082,96.20126342773438
26,2.2993996143341064,94.4913101196289
27,2.3068289756774902,94.02394104003906
28,2.4421868324279785,94.34542846679688
29,1.9993062019348145,93.53005981445312
30,2.3547189235687256,93.49173736572266
31,2.0013325214385986,93.49176025390625
32,2.0202479362487793,92.65450286865234
33,2.2327358722686768,92.60819244384766
34,1.8154232501983643,93.06990051269531
35,1.9203029870986938,93.50706481933594
36,1.9743162393569946,93.0699462890625
37,1.8912802934646606,92.64192199707031
38,1.9723608493804932,93.65074157714844
39,1.8647493124008179,94.8089599609375
40,1.804144024848938,96.38604736328125
41,1.6570425033569336,96.35020446777344
42,1.6983721256256104,97.31705474853516
43,1.6814091205596924,97.86306762695312
44,1.7150076627731323,97.87220764160156
45,1.6855201721191406,98.16080474853516
46,1.7201300859451294,97.94650268554688
47,1.6070607900619507,97.89716339111328
48,1.5407600402832031,98.16091918945312
49,1.5161107778549194,97.83209991455078
50,1.6303664445877075,97.8724365234375
51,1.459723949432373,98.96050262451172
52,1.7346972227096558,99.3897705078125
53,1.5786340236663818,99.88882446289062
54,1.5742923021316528,99.02752685546875
55,1.628969430923462,100.1063461303711
56,1.5387461185455322,102.10834503173828
57,1.5518763065338135,102.32986450195312
58,1.4906522035598755,103.10494995117188
59,1.5638659000396729,103.10499572753906
60,1.1755422353744507,102.93394470214844
61,1.4902641773223877,103.37156677246094
62,1.2166160345077515,103.41329956054688
63,1.330417275428772,103.37137603759766
64,1.1089937686920166,103.41355895996094
65,1.2938966751098633,103.57923889160156
66,1.2602462768554688,103.73998260498047
67,1.3522112369537354,103.66018676757812
68,1.307005763053894,103.52224731445312
69,1.2667843103408813,103.72758483886719
70,1.3273330926895142,103.82328796386719
71,1.3722810745239258,104.27142333984375
72,1.2735354900360107,103.84827423095703
73,1.2466078996658325,104.14820861816406
74,1.0327380895614624,104.14813232421875
75,1.1759129762649536,103.7426528930664
76,1.27997624874115,103.78192901611328
77,1.3035145998001099,103.67161560058594
78,1.1134339570999146,103.67188262939453
79,1.1376361846923828,103.67216491699219
80,1.1714297533035278,103.33259582519531
81,1.1375681161880493,103.41372680664062
82,1.1715195178985596,103.33218383789062
83,1.1418991088867188,103.03176879882812
84,0.9923029541969299,103.33180236816406
85,1.279554843902588,102.971923828125
86,1.3115190267562866,102.40950012207031
87,1.1318289041519165,101.91072082519531
88,1.0997165441513062,101.5166244506836
89,1.0229671001434326,100.2065200805664
90,1.1431052684783936,98.69793701171875
91,1.0960558652877808,98.69813537597656
92,0.9599441289901733,98.03355407714844
93,0.9562804698944092,96.66342163085938
94,0.9805038571357727,96.13130187988281
95,1.0564286708831787,95.17752075195312
96,1.1457141637802124,94.88800048828125
97,0.9535923600196838,94.00830078125
98,1.0515950918197632,93.2191162109375
99,1.0746666193008423,91.80233764648438
100,0.9038848280906677,91.31676483154297
101,1.1550087928771973,90.0584716796875
102,0.9836803674697876,88.73458862304688
103,1.026978850364685,87.16727447509766
104,1.0399795770645142,86.90486145019531
105,0.9026122093200684,85.18626403808594
106,0.8996995687484741,84.51505279541016
107,1.0186141729354858,82.84630584716797
108,1.0249056816101074,81.76074981689453
109,0.9841751456260681,80.7294692993164
110,0.9592387676239014,80.72950744628906
111,1.0086807012557983,79.98548889160156
112,0.9436394572257996,76.26393127441406
113,0.8702495694160461,75.91818237304688
114,1.0347284078598022,73.27726745605469
115,0.8832084536552429,71.38439178466797
116,0.9674934148788452,70.5414810180664
117,0.9842358827590942,69.5892562866211
118,0.9148563742637634,67.4908447265625
119,0.9738308191299438,66.54859924316406
120,0.9176842570304871,65.7944107055664
121,0.8763931393623352,65.03907775878906
122,0.9338608384132385,61.35118103027344
123,0.8716902136802673,59.77019500732422
124,0.7989068031311035,58.83729553222656
125,0.9241999387741089,58.17411804199219
126,0.9139320850372314,56.53954315185547
127,0.8609822988510132,55.04371643066406
128,0.8677211403846741,53.68489074707031
129,0.8960548639297485,52.08929443359375
130,0.8482716679573059,51.517616271972656
131,0.9106647968292236,50.367916107177734
132,0.8985177278518677,47.05467987060547
133,0.7858303189277649,43.748233795166016
134,0.831764280796051,42.63898468017578
135,0.7669022679328918,41.600555419921875
136,0.890278160572052,41.087181091308594
137,0.8805948495864868,39.07622146606445
138,0.8473554849624634,38.231468200683594
139,0.8421226739883423,35.42546844482422
140,0.9948047995567322,33.328548431396484
141,0.6462223529815674,31.874008178710938
142,0.8424126505851746,31.22551727294922
143,0.9013068079948425,30.690994262695312
144,0.8263154029846191,30.026531219482422
145,0.7798093557357788,29.51076889038086
146,0.7073549628257751,27.971445083618164
147,0.7753270268440247,27.523540496826172
148,0.8242381811141968,25.966930389404297
149,0.7928124666213989,24.381053924560547
150,0.7245252132415771,19.0313720703125
151,0.8708646297454834,16.382492065429688
152,0.816682755947113,16.35681915283203
153,0.7092028260231018,15.69798469543457
154,0.8407450914382935,14.455223083496094
155,0.7168664336204529,14.178986549377441
156,0.8149542212486267,11.430543899536133
157,0.7151837944984436,9.911881446838379
158,0.8125996589660645,9.403714179992676
159,0.7764638066291809,8.31373405456543
160,0.6170640587806702,6.3490471839904785
161,0.7827897071838379,5.812747478485107
162,0.7136293649673462,5.416635513305664
163,0.7959227561950684,5.241824150085449
164,0.7418740391731262,4.976567268371582
165,0.7292829751968384,4.890681266784668
166,0.6252434253692627,4.671485900878906
167,0.733232855796814,4.432863712310791
168,0.6487975120544434,4.159324645996094
169,0.6596735715866089,4.038570880889893
170,0.8421921133995056,3.818936347961426
171,0.6605719923973083,3.7375717163085938
172,0.7182012796401978,3.7206976413726807
173,0.671561598777771,3.692746639251709
174,0.656964123249054,3.6099348068237305
175,0.511439859867096,3.428300619125366
176,0.6804251074790955,3.3080646991729736
177,0.6235488653182983,3.2554843425750732
178,0.6979268193244934,3.2538657188415527
179,0.6301499605178833,3.0709376335144043
180,0.6264098286628723,3.1486823558807373
181,0.6798698902130127,2.9354491233825684
182,0.6538867950439453,2.944833993911743
183,0.7775078415870667,2.8907315731048584
184,0.6160294413566589,2.793447971343994
185,0.6010941863059998,2.7272043228149414
186,0.6533524394035339,2.7176408767700195
187,0.5841593742370605,2.647029399871826
188,0.6192223429679871,2.6258277893066406
189,0.6662823557853699,2.6002020835876465
190,0.539566159248352,2.5514535903930664
191,0.5562462210655212,2.409331798553467
192,0.6005269289016724,2.348623275756836
193,0.5824411511421204,2.313167095184326
194,0.5901303887367249,2.284270763397217
195,0.5416074395179749,2.2389068603515625
196,0.5101057291030884,2.1872987747192383
197,0.4563112258911133,2.174189805984497
198,0.5893452167510986,2.1656858921051025
199,0.6063600182533264,2.159637451171875
200,0.6304446458816528,2.1575818061828613
201,0.6369959712028503,2.143099069595337
202,0.5421226024627686,2.128777027130127
203,0.6394779682159424,2.1257424354553223
204,0.5738502740859985,2.0595664978027344
205,0.5308656692504883,2.0518343448638916
206,0.5388020277023315,2.0354480743408203
207,0.5581296682357788,1.9986631870269775
208,0.5479713678359985,1.975156307220459
209,0.6423510909080505,1.961888313293457
210,0.533092200756073,1.9547545909881592
211,0.5707805156707764,1.9531726837158203
212,0.5347611308097839,1.9148929119110107
213,0.5300813317298889,1.863250732421875
214,0.5449081063270569,1.8446918725967407
215,0.494556188583374,1.8480744361877441
216,0.6452019214630127,1.836502194404602
217,0.49396684765815735,1.8257637023925781
218,0.4567378759384155,1.8382046222686768
219,0.5119196176528931,1.8356053829193115
220,0.48163902759552,1.8172142505645752
221,0.47055262327194214,1.8178759813308716
222,0.5602982640266418,1.8024060726165771
223,0.5382825136184692,1.7983226776123047
224,0.5825408697128296,1.775421380996704
225,0.49502086639404297,1.7619752883911133
226,0.5545440912246704,1.7602763175964355
227,0.588537871837616,1.7588469982147217
228,0.5323778390884399,1.7573024034500122
229,0.5522885918617249,1.7545735836029053
230,0.507635235786438,1.7499873638153076
231,0.4557245671749115,1.7445989847183228
232,0.5136003494262695,1.7280571460723877
233,0.488817036151886,1.702646017074585
234,0.6146876215934753,1.675357460975647
235,0.5536870956420898,1.6671392917633057
236,0.5477136969566345,1.6586380004882812
237,0.5215732455253601,1.6491291522979736
238,0.5214963555335999,1.6440632343292236
239,0.4209834635257721,1.642256498336792
240,0.597296953201294,1.6411093473434448
241,0.5295902490615845,1.632415533065796
242,0.47872409224510193,1.6186916828155518
243,0.4389083683490753,1.6086509227752686
244,0.4562852382659912,1.6140990257263184
245,0.536519467830658,1.606456995010376
246,0.49249371886253357,1.5945943593978882
247,0.4221133291721344,1.595092535018921
248,0.4905831515789032,1.5761523246765137
249,0.47353121638298035,1.5586578845977783
250,0.540652871131897,1.5658915042877197
251,0.41050198674201965,1.5529390573501587
252,0.478286474943161,1.5284202098846436
253,0.3802724778652191,1.5267876386642456
254,0.4158194959163666,1.5231753587722778
255,0.48513486981391907,1.5132830142974854
256,0.4606645703315735,1.5123944282531738
257,0.4129522740840912,1.5099411010742188
258,0.46661514043807983,1.5049076080322266
259,0.47048190236091614,1.5008822679519653
260,0.38841792941093445,1.4947222471237183
261,0.4160495102405548,1.4871304035186768
262,0.4501234292984009,1.479893684387207
263,0.4734874665737152,1.4754884243011475
264,0.39504051208496094,1.471313714981079
265,0.515254557132721,1.470894455909729
266,0.3902284801006317,1.4737589359283447
267,0.32898661494255066,1.4701590538024902
268,0.45549336075782776,1.471284031867981
269,0.4065248668193817,1.466911792755127
270,0.45593908429145813,1.4620492458343506
271,0.4272672235965729,1.4589649438858032
272,0.35855478048324585,1.4530725479125977
273,0.35309717059135437,1.4532548189163208
274,0.32353177666664124,1.4507384300231934
275,0.43234702944755554,1.465939998626709
276,0.38447463512420654,1.4588260650634766
277,0.42123058438301086,1.4461095333099365
278,0.45624276995658875,1.4327855110168457
279,0.36580443382263184,1.4333570003509521
280,0.3221697211265564,1.4510407447814941
281,0.44995665550231934,1.4306126832962036
282,0.4066823124885559,1.4277974367141724
283,0.41014596819877625,1.4269418716430664
284,0.5158138871192932,1.426034688949585
285,0.37802156805992126,1.4242844581604004
286,0.35647258162498474,1.4328372478485107
287,0.2991410195827484,1.4370372295379639
288,0.40300819277763367,1.4345204830169678
289,0.2970764935016632,1.433643102645874
290,0.35405611991882324,1.4396533966064453
291,0.37189632654190063,1.439880132675171
292,0.37978264689445496,1.4472403526306152
293,0.34620317816734314,1.444256067276001
294,0.44458577036857605,1.4481532573699951
295,0.4165252149105072,1.4578943252563477
296,0.41628730297088623,1.4461873769760132
297,0.41140851378440857,1.4481217861175537
298,0.378152459859848,1.4411919116973877
299,0.349908709526062,1.4415525197982788
300,0.3313904106616974,1.4394148588180542
301,0.36148208379745483,1.4398999214172363
302,0.2648007869720459,1.448148488998413
303,0.3345605134963989,1.4385371208190918
304,0.36748459935188293,1.4323046207427979
305,0.3292032778263092,1.4340910911560059
306,0.3153812885284424,1.4316887855529785
307,0.3504353165626526,1.4328900575637817
308,0.49203166365623474,1.42398202419281
309,0.42138436436653137,1.4166922569274902
310,0.28629109263420105,1.4149900674819946
311,0.28848525881767273,1.4173908233642578
312,0.4253304898738861,1.4150129556655884
313,0.32414400577545166,1.407241940498352
314,0.3315644860267639,1.3909285068511963
315,0.4407610595226288,1.3849823474884033
316,0.27211660146713257,1.3854210376739502
317,0.34952276945114136,1.3842798471450806
318,0.3065469264984131,1.3869684934616089
319,0.3289358615875244,1.3898299932479858
320,0.2964561879634857,1.3902885913848877
321,0.2989732623100281,1.388603925704956
322,0.33417069911956787,1.3871763944625854
323,0.273453950881958,1.386261224746704
324,0.2695631682872772,1.381990671157837
325,0.34166473150253296,1.379176378250122
326,0.30920109152793884,1.37730073928833
327,0.2623847723007202,1.3790104389190674
328,0.2819230556488037,1.3702701330184937
329,0.3080461621284485,1.3680095672607422
330,0.24779058992862701,1.3692257404327393
331,0.22399821877479553,1.3681577444076538
332,0.30782830715179443,1.3799625635147095
333,0.3138495683670044,1.3770451545715332
334,0.3075695335865021,1.3776133060455322
335,0.23608402907848358,1.3774170875549316
336,0.27656611800193787,1.374558687210083
337,0.33492976427078247,1.3722732067108154
338,0.2596484422683716,1.3707127571105957
339,0.4328044354915619,1.369922161102295
340,0.3709334135055542,1.376128911972046
341,0.2826603949069977,1.3676164150238037
342,0.40883782505989075,1.3659327030181885
343,0.22997990250587463,1.3635978698730469
344,0.2872152030467987,1.3615331649780273
345,0.2872888445854187,1.3585536479949951
346,0.28941625356674194,1.3536195755004883
347,0.29326924681663513,1.352318525314331
348,0.33670780062675476,1.3525147438049316
349,0.2851414978504181,1.3531785011291504
350,0.30434533953666687,1.3523705005645752
351,0.31589409708976746,1.3506704568862915
352,0.22460149228572845,1.3513343334197998
353,0.3440941572189331,1.3507227897644043
354,0.28301215171813965,1.3475251197814941
355,0.251897394657135,1.3470240831375122
356,0.3224431872367859,1.3502628803253174
357,0.2856614887714386,1.3477709293365479
358,0.30830639600753784,1.341557264328003
359,0.40665337443351746,1.342991828918457
360,0.26502546668052673,1.3431670665740967
361,0.23155567049980164,1.3448145389556885
362,0.2955004870891571,1.348139762878418
363,0.2721400260925293,1.3570621013641357
364,0.33268657326698303,1.3571972846984863
365,0.3017338216304779,1.3647938966751099
366,0.22443877160549164,1.3615436553955078
367,0.25848159193992615,1.364783525466919
368,0.31170573830604553,1.3658373355865479
369,0.29228779673576355,1.3655569553375244
370,0.2963082194328308,1.367352843284607
371,0.2827259600162506,1.365224003791809
372,0.2620149850845337,1.3620784282684326
373,0.26691922545433044,1.3593904972076416
374,0.21339432895183563,1.358114242553711
375,0.24019579589366913,1.356044888496399
376,0.2606014609336853,1.3679141998291016
377,0.2290124148130417,1.368725299835205
378,0.27104100584983826,1.372208595275879
379,0.2886677086353302,1.3734185695648193
380,0.2453707754611969,1.3771567344665527
381,0.27501729130744934,1.3797094821929932
382,0.2528093457221985,1.3786141872406006
383,0.253957062959671,1.380766749382019
384,0.2540152370929718,1.3831326961517334
385,0.32735830545425415,1.3840594291687012
386,0.2503972351551056,1.3856549263000488
387,0.2162836641073227,1.3861942291259766
388,0.28229445219039917,1.3775033950805664
389,0.19332270324230194,1.3784101009368896
390,0.1606764942407608,1.3896374702453613
391,0.2198692262172699,1.3802006244659424
392,0.2546364367008209,1.382239818572998
393,0.19879424571990967,1.382608413696289
394,0.20582306385040283,1.3818042278289795
395,0.2835851311683655,1.380446195602417
396,0.31454646587371826,1.3809725046157837
397,0.2516472637653351,1.383175015449524
398,0.22743241488933563,1.386335849761963
399,0.21920010447502136,1.3881258964538574
400,0.19138406217098236,1.385408878326416
401,0.20144808292388916,1.3871663808822632
402,0.28462010622024536,1.3897311687469482
403,0.24657006561756134,1.3904798030853271
404,0.1874985545873642,1.3919918537139893
405,0.2861241102218628,1.3959338665008545
406,0.22724822163581848,1.3964035511016846
407,0.33444494009017944,1.398421049118042
408,0.3980388939380646,1.397564172744751
409,0.19219444692134857,1.3971835374832153
410,0.2569594383239746,1.3985722064971924
411,0.23955316841602325,1.3980298042297363
412,0.24748018383979797,1.3969488143920898
413,0.227316215634346,1.3960552215576172
414,0.17505291104316711,1.3955563306808472
415,0.21949756145477295,1.3968820571899414
416,0.2414051741361618,1.3985376358032227
417,0.18454012274742126,1.3987478017807007
418,0.24648074805736542,1.4007015228271484
419,0.22940777242183685,1.4013793468475342
420,0.25366610288619995,1.3972985744476318
421,0.18922629952430725,1.394571304321289
422,0.24117392301559448,1.3926081657409668
423,0.20675629377365112,1.3901865482330322
424,0.22601749002933502,1.3892312049865723
425,0.2349475622177124,1.3923883438110352
426,0.20418889820575714,1.39246666431427
427,0.1871112883090973,1.3952932357788086
428,0.2257833480834961,1.3959007263183594
429,0.25039932131767273,1.3976105451583862
430,0.19584861397743225,1.4034631252288818
431,0.25268349051475525,1.404829978942871
432,0.21929574012756348,1.4066426753997803
433,0.21720600128173828,1.4064745903015137
434,0.1916811764240265,1.4092462062835693
435,0.2578381896018982,1.4123164415359497
436,0.1620090901851654,1.4136643409729004
437,0.18932084739208221,1.411954641342163
438,0.20908789336681366,1.4121158123016357
439,0.21860212087631226,1.4120280742645264
440,0.2095339000225067,1.4097602367401123
441,0.15998627245426178,1.4081315994262695
442,0.2033347487449646,1.4064514636993408
443,0.18603754043579102,1.4055999517440796
444,0.22852960228919983,1.4048504829406738
445,0.2270737886428833,1.4046412706375122
446,0.19744223356246948,1.4030011892318726
447,0.15355642139911652,1.3927927017211914
448,0.1830119490623474,1.40225350856781
449,0.21508432924747467,1.394940972328186
450,0.18167226016521454,1.3966971635818481
451,0.22059835493564606,1.3985662460327148
452,0.20929208397865295,1.397985816001892
453,0.21687588095664978,1.3970245122909546
454,0.216209277510643,1.3959197998046875
455,0.14880748093128204,1.3894143104553223
456,0.1648540198802948,1.3884309530258179
457,0.22169680893421173,1.3878870010375977
458,0.1298271268606186,1.3795006275177002
459,0.2564261257648468,1.3779582977294922
460,0.19045111536979675,1.385510802268982
461,0.2216511070728302,1.3763797283172607
462,0.24818620085716248,1.3630576133728027
463,0.19083793461322784,1.3747541904449463
464,0.1917450726032257,1.3633195161819458
465,0.21354404091835022,1.3722769021987915
466,0.23928259313106537,1.3702611923217773
467,0.16139213740825653,1.3702441453933716
468,0.1952008455991745,1.369875431060791
469,0.1819155216217041,1.370757818222046
470,0.1714039295911789,1.3648279905319214
471,0.1761491894721985,1.3724108934402466
472,0.22508960962295532,1.3606148958206177
473,0.1798771768808365,1.3596553802490234
474,0.11971078813076019,1.3597753047943115
475,0.15932568907737732,1.3602101802825928
476,0.1989990770816803,1.361731767654419
477,0.12602700293064117,1.3623170852661133
478,0.15931004285812378,1.3613947629928589
479,0.16938750445842743,1.360783338546753
480,0.18224330246448517,1.3599615097045898
481,0.17589586973190308,1.3590645790100098
482,0.18028752505779266,1.3608810901641846
483,0.22521521151065826,1.3588387966156006
484,0.2245263308286667,1.354941487312317
485,0.17418399453163147,1.3537156581878662
486,0.18949709832668304,1.3553214073181152
487,0.15478941798210144,1.3566625118255615
488,0.16430804133415222,1.3580257892608643
489,0.147806316614151,1.3587002754211426
490,0.25858184695243835,1.3581855297088623
491,0.18915009498596191,1.3568276166915894
492,0.13943764567375183,1.3571912050247192
493,0.12140992283821106,1.3563868999481201
494,0.23378048837184906,1.3563084602355957
495,0.17119653522968292,1.357201337814331
496,0.21198853850364685,1.3581587076187134
497,0.0983712449669838,1.3584492206573486
498,0.1250697672367096,1.3592607975006104
499,0.17089557647705078,1.359570026397705
500,0.18906934559345245,1.3610798120498657
501,0.18295444548130035,1.3609596490859985
502,0.17825625836849213,1.3608578443527222
503,0.14750704169273376,1.360123872756958
504,0.16545052826404572,1.3627054691314697
505,0.1976870596408844,1.3630130290985107
506,0.18487784266471863,1.3655710220336914
507,0.16080030798912048,1.3676174879074097
508,0.1802987903356552,1.3687679767608643
509,0.18298746645450592,1.3713524341583252
510,0.21015188097953796,1.3717880249023438
511,0.2131178230047226,1.3718376159667969
512,0.14153063297271729,1.3734698295593262
513,0.19512592256069183,1.37483549118042
514,0.10760090500116348,1.3719112873077393
515,0.1062968298792839,1.3775012493133545
516,0.16087254881858826,1.3724398612976074
517,0.12804445624351501,1.3721790313720703
518,0.14913463592529297,1.3743195533752441
519,0.17058292031288147,1.3740986585617065
520,0.11707437038421631,1.3738168478012085
521,0.13155117630958557,1.375910997390747
522,0.21203598380088806,1.3754363059997559
523,0.14796487987041473,1.374106764793396
524,0.10553060472011566,1.3725759983062744
525,0.22989362478256226,1.371495246887207
526,0.17718712985515594,1.36558198928833
527,0.16864702105522156,1.368462324142456
528,0.19778946042060852,1.3677737712860107
529,0.13940457999706268,1.3625820875167847
530,0.16677974164485931,1.3664568662643433
531,0.12792594730854034,1.367647409439087
532,0.16897346079349518,1.3692853450775146
533,0.2498871386051178,1.3689923286437988
534,0.2070813626050949,1.3689082860946655
535,0.21434460580348969,1.369689702987671
536,0.11224038898944855,1.3705990314483643
537,0.14247696101665497,1.3706705570220947
538,0.1675657033920288,1.3698863983154297
539,0.16370536386966705,1.3690024614334106
540,0.14918942749500275,1.3683515787124634
541,0.15311752259731293,1.3682644367218018
542,0.14518004655838013,1.3683706521987915
543,0.12975212931632996,1.367211103439331
544,0.16988727450370789,1.3663229942321777
545,0.14073020219802856,1.3701679706573486
546,0.16966621577739716,1.3701400756835938
547,0.1633937507867813,1.3705066442489624
548,0.1845444291830063,1.3710877895355225
549,0.18731576204299927,1.3714818954467773
550,0.157723069190979,1.371290922164917
551,0.16829265654087067,1.3733718395233154
552,0.13952165842056274,1.3741300106048584
553,0.18232224881649017,1.3662279844284058
554,0.184423565864563,1.3669933080673218
555,0.1477154642343521,1.3695480823516846
556,0.16976022720336914,1.3735804557800293
557,0.23746998608112335,1.376333475112915
558,0.1683148890733719,1.3771448135375977
559,0.12001693248748779,1.3790396451950073
560,0.22102521359920502,1.3796889781951904
561,0.19022676348686218,1.3783080577850342
562,0.15396098792552948,1.3772205114364624
563,0.14379876852035522,1.375382900238037
564,0.14271482825279236,1.373077630996704
565,0.17768721282482147,1.3726202249526978
566,0.1478549689054489,1.3732600212097168
567,0.16882742941379547,1.3741588592529297
568,0.2406453788280487,1.3725366592407227
569,0.1278659999370575,1.3714652061462402
570,0.2517971098423004,1.3694900274276733
571,0.12495987117290497,1.3686637878417969
572,0.12554757297039032,1.367093563079834
573,0.1497635543346405,1.366274356842041
574,0.1537741720676422,1.3655316829681396
575,0.13609106838703156,1.3636870384216309
576,0.15974996984004974,1.3640360832214355
577,0.12356416881084442,1.362809181213379
578,0.18772415816783905,1.3625106811523438
579,0.18438933789730072,1.3625497817993164
580,0.21007606387138367,1.3613929748535156
581,0.13151250779628754,1.3616739511489868
582,0.1586534082889557,1.3625091314315796
583,0.17454969882965088,1.3622348308563232
584,0.11477398127317429,1.3623279333114624
585,0.1355871856212616,1.362912893295288
586,0.15361957252025604,1.3629313707351685
587,0.17129598557949066,1.363848328590393
588,0.1534428745508194,1.3608059883117676
589,0.12382463365793228,1.3608005046844482
590,0.1571606993675232,1.3617311716079712
591,0.15184400975704193,1.3615477085113525
592,0.14570963382720947,1.3608980178833008
593,0.16432687640190125,1.362098217010498
594,0.16286936402320862,1.3622848987579346
595,0.17360863089561462,1.3628958463668823
596,0.18766921758651733,1.3649437427520752
597,0.13249601423740387,1.3653866052627563
598,0.16859111189842224,1.3658264875411987
599,0.16903038322925568,1.3655047416687012
