point,n_visible,n_absent,hallucination_rate,miss_rate,balanced_acc
th12_top,68,191,0.25654450261780104,0.29411764705882354,0.7246689251616878
th12_bottom,190,69,0.2028985507246377,0.07368421052631578,0.8617086193745233
l1_center,231,28,0.10714285714285714,0.0735930735930736,0.9096320346320347
l2_center,255,4,0.25,0.023529411764705882,0.8632352941176471
l3_center,259,0,,0.023166023166023165,
l4_center,242,17,0.4117647058823529,0.09090909090909091,0.7486631016042781
iliac_right,185,74,0.05405405405405406,0.032432432432432434,0.9567567567567568
iliac_left,185,74,0.10810810810810811,0.05405405405405406,0.9189189189189189
disc_th12_l1,203,56,0.125,0.09359605911330049,0.8907019704433498
disc_l1_l2,241,18,0.0,0.24481327800829875,0.8775933609958506
disc_l2_l3,259,0,,0.023166023166023165,
disc_l3_l4,253,6,0.3333333333333333,0.023715415019762844,0.8214756258234519
disc_l4_l5,221,38,0.23684210526315788,0.06334841628959276,0.8499047392236248
l1_edge_right,230,29,0.13793103448275862,0.030434782608695653,0.9158170914542728
l1_edge_left,229,30,0.13333333333333333,0.026200873362445413,0.9202328966521107
l2_edge_right,255,4,0.25,0.023529411764705882,0.8632352941176471
l2_edge_left,255,4,0.25,0.023529411764705882,0.8632352941176471
l3_edge_right,258,1,0.0,0.023255813953488372,0.9883720930232558
l3_edge_left,258,1,1.0,0.023255813953488372,0.4883720930232558
l4_edge_right,241,18,0.4444444444444444,0.016597510373443983,0.7694790225910557
l4_edge_left,242,17,0.4117647058823529,0.028925619834710745,0.7796548371414682
trochanter_major,382,45,0.022222222222222223,0.007853403141361256,0.9849621873182082
trochanter_lateral,386,41,0.07317073170731707,0.0051813471502590676,0.9608239605712119
trochanter_minor,408,19,0.0,0.24509803921568626,0.8774509803921569
femoral_head_center,409,18,0.0,0.0488997555012225,0.9755501222493888
neck_center,425,2,0.0,0.021176470588235293,0.9894117647058824
ischium_bottom,357,70,0.02857142857142857,0.11484593837535013,0.9282913165266107
shaft_lateral,391,36,0.027777777777777776,0.028132992327365727,0.9720446149474282
shaft_medial,413,14,0.0,0.05811138014527845,0.9709443099273607
