point,n_visible,n_absent,hallucination_rate,miss_rate,balanced_acc,run
th12_top,68,191,0.3089005235602094,0.4117647058823529,0.6396673852787188,previous
th12_bottom,190,69,0.3188405797101449,0.5473684210526316,0.5668954996186117,previous
l1_center,231,28,0.4642857142857143,0.4848484848484848,0.5254329004329004,previous
l2_center,255,4,0.5,0.0784313725490196,0.7107843137254901,previous
l3_center,259,0,,0.3474903474903475,,previous
l4_center,242,17,0.5882352941176471,0.3388429752066115,0.5364608653378706,previous
iliac_right,185,74,0.1216216216216216,0.4216216216216216,0.7283783783783784,previous
iliac_left,185,74,0.3783783783783784,0.5243243243243243,0.5486486486486486,previous
disc_th12_l1,203,56,0.3571428571428571,0.541871921182266,0.5504926108374384,previous
disc_l1_l2,241,18,0.3333333333333333,0.4688796680497925,0.598893499308437,previous
disc_l2_l3,259,0,,0.4864864864864865,,previous
disc_l3_l4,253,6,0.5,0.4940711462450592,0.5029644268774703,previous
disc_l4_l5,221,38,0.2894736842105263,0.4072398190045249,0.6516432483924743,previous
l1_edge_right,230,29,0.4137931034482758,0.4782608695652174,0.5539730134932533,previous
l1_edge_left,229,30,0.4,0.4978165938864629,0.5510917030567686,previous
l2_edge_right,255,4,0.5,0.1490196078431372,0.6754901960784314,previous
l2_edge_left,255,4,0.25,0.4117647058823529,0.6691176470588236,previous
l3_edge_right,258,1,0.0,0.1589147286821705,0.9205426356589148,previous
l3_edge_left,258,1,0.0,0.3217054263565891,0.8391472868217054,previous
l4_edge_right,241,18,0.7222222222222222,0.0912863070539419,0.5932457353619179,previous
l4_edge_left,242,17,0.5882352941176471,0.0826446280991735,0.6645600388915898,previous
trochanter_major,382,45,0.0444444444444444,0.1204188481675392,0.9175683536940082,previous
trochanter_lateral,386,41,0.1219512195121951,0.0362694300518134,0.9208896752179956,previous
trochanter_minor,408,19,0.0526315789473684,0.1102941176470588,0.9185371517027864,previous
femoral_head_center,409,18,0.2222222222222222,0.452322738386308,0.6627275196957348,previous
neck_center,425,2,0.0,0.5058823529411764,0.7470588235294118,previous
ischium_bottom,357,70,0.1857142857142857,0.2408963585434173,0.7866946778711484,previous
shaft_lateral,391,36,0.0277777777777777,0.0076726342710997,0.9822747939755612,previous
shaft_medial,413,14,0.0714285714285714,0.0387409200968523,0.9449152542372882,previous
th12_top,68,191,0.3246073298429319,0.2647058823529412,0.7053433939020635,current
th12_bottom,190,69,0.2028985507246377,0.1894736842105263,0.8038138825324179,current
l1_center,231,28,0.2142857142857142,0.0303030303030303,0.8777056277056277,current
l2_center,255,4,0.25,0.0352941176470588,0.8573529411764707,current
l3_center,259,0,,0.0849420849420849,,current
l4_center,242,17,0.6470588235294118,0.0289256198347107,0.6620077783179388,current
iliac_right,185,74,0.081081081081081,0.0108108108108108,0.954054054054054,current
iliac_left,185,74,0.1486486486486486,0.1459459459459459,0.8527027027027028,current
disc_th12_l1,203,56,0.1964285714285714,0.1280788177339901,0.8377463054187193,current
disc_l1_l2,241,18,0.3888888888888889,0.4481327800829875,0.5814891655140618,current
disc_l2_l3,259,0,,0.0501930501930501,,current
disc_l3_l4,253,6,0.0,0.1660079051383399,0.91699604743083,current
disc_l4_l5,221,38,0.2894736842105263,0.4705882352941176,0.6199690402476781,current
l1_edge_right,230,29,0.2068965517241379,0.1434782608695652,0.8248125937031485,current
l1_edge_left,229,30,0.1666666666666666,0.0262008733624454,0.903566229985444,current
l2_edge_right,255,4,0.5,0.0666666666666666,0.7166666666666667,current
l2_edge_left,255,4,0.25,0.0274509803921568,0.8612745098039216,current
l3_edge_right,258,1,0.0,0.1007751937984496,0.9496124031007752,current
l3_edge_left,258,1,1.0,0.0271317829457364,0.4864341085271317,current
l4_edge_right,241,18,0.4444444444444444,0.0414937759336099,0.7570308898109728,current
l4_edge_left,242,17,0.4705882352941176,0.0785123966942148,0.7254496840058338,current
trochanter_major,382,45,0.0888888888888888,0.0471204188481675,0.9319953461314718,current
trochanter_lateral,386,41,0.0975609756097561,0.0129533678756476,0.944742828257298,current
trochanter_minor,408,19,0.4736842105263157,0.2647058823529412,0.6308049535603715,current
femoral_head_center,409,18,0.1666666666666666,0.0220048899755501,0.9056642216788916,current
neck_center,425,2,0.0,0.0211764705882352,0.9894117647058824,current
ischium_bottom,357,70,0.1,0.1400560224089636,0.8799719887955182,current
shaft_lateral,391,36,0.0555555555555555,0.0127877237851662,0.9658283603296391,current
shaft_medial,413,14,0.1428571428571428,0.0968523002421307,0.8801452784503632,current
