point,n,median_mm,p90_mm,f1_visible,recall_absent,pck@1mm,pck@3mm,pck@5mm
th12_top,7,1.015372,2.2010305,0.7058823529411765,0.6363636363636364,0.42857142857142855,1.0,1.0
th12_bottom,17,1.4406164,27.91604,1.0,1.0,0.35294117647058826,0.7058823529411765,0.8235294117647058
l1_center,18,1.4467028,30.789265,1.0,0.0,0.3888888888888889,0.7222222222222222,0.7222222222222222
l2_center,18,1.1114143,11.641468,1.0,0.0,0.4444444444444444,0.8333333333333334,0.8888888888888888
l3_center,18,1.2642047,1.7478168,1.0,0.0,0.3333333333333333,1.0,1.0
l4_center,18,1.9231904,29.235716,1.0,0.0,0.2777777777777778,0.7777777777777778,0.8333333333333334
iliac_right,18,1.7054555,8.756809,1.0,0.0,0.3888888888888889,0.7222222222222222,0.7777777777777778
iliac_left,18,1.8982223,5.858744,1.0,0.0,0.3333333333333333,0.7222222222222222,0.8333333333333334
disc_th12_l1,18,1.7058218,28.508999,1.0,0.0,0.16666666666666666,0.7777777777777778,0.7777777777777778
disc_l1_l2,17,1.5768019,30.537384,0.9714285714285714,0.0,0.47058823529411764,0.7058823529411765,0.7058823529411765
disc_l2_l3,18,1.000058,9.38131,1.0,0.0,0.5,0.8888888888888888,0.8888888888888888
disc_l3_l4,18,1.1314014,11.244292,1.0,0.0,0.4444444444444444,0.8888888888888888,0.8888888888888888
disc_l4_l5,18,1.9255763,15.410952,1.0,0.0,0.16666666666666666,0.7777777777777778,0.8333333333333334
l1_edge_right,18,1.4992834,32.16472,1.0,0.0,0.3333333333333333,0.6666666666666666,0.6666666666666666
l1_edge_left,18,1.3018982,29.757507,1.0,0.0,0.3333333333333333,0.6111111111111112,0.7777777777777778
l2_edge_right,18,1.121012,11.421211,1.0,0.0,0.3888888888888889,0.8333333333333334,0.8888888888888888
l2_edge_left,18,1.3747878,11.759832,1.0,0.0,0.2777777777777778,0.8333333333333334,0.8888888888888888
l3_edge_right,18,0.79119456,1.2320455,1.0,0.0,0.6666666666666666,1.0,1.0
l3_edge_left,18,0.91629076,1.5750523,1.0,0.0,0.5555555555555556,1.0,1.0
l4_edge_right,18,2.07998,4.120922,1.0,0.0,0.1111111111111111,0.7777777777777778,0.8888888888888888
l4_edge_left,18,2.1027546,31.606667,1.0,0.0,0.16666666666666666,0.6666666666666666,0.7777777777777778
trochanter_major,31,0.8404538,2.5653625,1.0,0.0,0.6774193548387096,0.967741935483871,1.0
trochanter_lateral,31,2.4442368,7.1804934,1.0,0.0,0.12903225806451613,0.6129032258064516,0.7741935483870968
trochanter_minor,30,1.0137737,2.4518843,1.0,1.0,0.4666666666666667,0.9,1.0
femoral_head_center,31,1.8266557,3.8538234,1.0,0.0,0.06451612903225806,0.7419354838709677,0.9032258064516129
neck_center,31,1.2453406,2.7913435,1.0,0.0,0.25806451612903225,0.9354838709677419,1.0
ischium_bottom,31,1.1031581,4.067656,1.0,0.0,0.41935483870967744,0.8387096774193549,0.9032258064516129
shaft_lateral,31,2.469132,5.232342,1.0,0.0,0.1935483870967742,0.6451612903225806,0.8709677419354839
shaft_medial,31,1.1055077,3.6191266,1.0,0.0,0.3870967741935484,0.8709677419354839,0.967741935483871
