,threshold
th12_top,0.05
th12_bottom,0.11
l1_center,0.11
l2_center,0.13832072913646698
l3_center,0.13733384013175964
l4_center,0.08
iliac_right,0.04
iliac_left,0.07
disc_th12_l1,0.13
disc_l1_l2,0.24
disc_l2_l3,0.14165382087230682
disc_l3_l4,0.08105567842721939
disc_l4_l5,0.05
l1_edge_right,0.13999999999999999
l1_edge_left,0.13
l2_edge_right,0.1506304144859314
l2_edge_left,0.15586285293102264
l3_edge_right,0.17892110347747803
l3_edge_left,0.14388467371463776
l4_edge_right,0.07
l4_edge_left,0.07
trochanter_major,0.06
trochanter_lateral,0.07
trochanter_minor,0.19
femoral_head_center,0.09000000000000001
neck_center,0.1621738076210022
ischium_bottom,0.1
shaft_lateral,0.08
shaft_medial,0.15
