study,stratum,fold
1.2.840.113619.2.110.512719.20250403090444,rotation,4
1.2.840.113619.2.110.512719.20250403092052,norm,0
1.2.840.113619.2.110.512719.20250407113211,rotation,4
2.25.10245777060263212829333021434108890537,norm,0
2.25.102755089973625799055786462646268820450,axis,3
2.25.102965897799404973225419898683246248872,norm,1
2.25.103868781101960771917584077315578649178,norm,4
2.25.105033841136787477881326326053319223817,norm,0
2.25.108537195937431169718850276671337677972,norm,2
2.25.11175860580562939441493697221497597640,artifacts,2
2.25.112621744005021908434051268014787122937,norm,2
2.25.114887542067602662452692698814728642117,artifacts,0
2.25.116822802042655971810859435524105064465,norm,1
2.25.122446767306607067205618235949445789306,rotation,2
2.25.123175695355749859846173904788591707879,norm,2
2.25.124890633326693921702195356152595253940,norm,2
2.25.125521310320333648427417313254965624364,spine_position,4
2.25.126293418391331346694592071563510265596,roi,3
2.25.127126130998341190348103034690069487890,roi,4
2.25.12798473087614376830819854616447908612,norm,1
2.25.128197189461989832465575162384360009377,norm,3
2.25.128630285053087246379265602913470285158,norm,4
2.25.128990540359421489042453547244535073735,spine_position,3
2.25.129239680100193368599713239115902740628,rotation,1
2.25.13069823278093578548407087310307113784,roi,4
2.25.132083163398091874662674590622589534350,norm,3
2.25.132272637351979990811754009849547633391,norm,4
2.25.13325817932854000792938662637654885530,roi,0
2.25.134456506307367483341018281460841912845,norm,0
2.25.135241889065705954191821710363605596815,norm,1
2.25.13566237352084812982996047541944701548,norm,3
2.25.137344827330550141320158285144101816664,norm,4
2.25.137675513852774974135210999345676405116,norm,0
2.25.13983650679559142983913935144968795415,norm,1
2.25.144941557565802351596730914409170713112,rotation,1
2.25.145848300160680194368420189079847088556,rotation,2
2.25.151186844055172005615813066162721550889,norm,3
2.25.156021661584944120526934974594604520993,norm,2
2.25.156375884487675936513403083218009333856,artifacts,3
2.25.156389075510671877606923458507011517218,norm,0
2.25.157462338378550185821790046400986801350,rotation,0
2.25.158197739569377798130962967413133224194,norm,4
2.25.158646777318759504110695916200521633609,artifacts,2
2.25.159930383074323525630608416881201447861,norm,2
2.25.164566280810634620154538016595892212884,spine_position,2
2.25.165091430504580219034019815337441064349,rotation,2
2.25.165355673991587715046346525964554729786,artifacts,1
2.25.167344201679287285499405412654740659745,norm,1
2.25.16773626720107440979805052259711419763,norm,3
2.25.168317503020329569414190677927680518621,norm,1
2.25.169242707068684757906797344800977707240,norm,1
2.25.172445998420765569384934552191547932566,artifacts,4
2.25.173731186748227489808861376513577450951,norm,0
2.25.173753313169335820519632380691065649420,roi,1
2.25.175881661753775295785039265792986971602,norm,3
2.25.175903805423871105435148927871625232853,norm,4
2.25.17706555930735581384953296958427669848,artifacts,4
2.25.177745077805190810016231350557005569203,norm,4
2.25.178533355209696795441380751187185128893,norm,0
2.25.181196659018348153828200695057897449628,norm,0
2.25.184198356665635336833172191504278054074,norm,4
2.25.186201010600484120326273381077449377115,norm,4
2.25.190331309633057244929837507901317950031,axis,4
2.25.190807933410234695931591553323782771995,artifacts,0
2.25.215177279960644564778148238928738915103,rotation,3
2.25.217397325224876728316360420804118329081,norm,1
2.25.220866240977467582196609708837940253840,axis,1
2.25.234651502352368356456298825489565282446,rotation,1
2.25.247714038039430659432048101646401574824,artifacts,4
2.25.269648774413746842548908998641183395622,axis,0
2.25.269742577365511543488820993979123763373,norm,0
2.25.272690031744216183651627058502316132741,rotation,3
2.25.276415754443998872860614500027519740375,norm,2
2.25.277752758923974029595977676354128739670,roi,2
2.25.286999464611662854355201599068538813496,norm,1
2.25.29638026465755240167985424461715024381,spine_position,4
2.25.306921081709806079165809721263236241032,norm,2
2.25.307021710202910067378603383388989711646,artifacts,1
2.25.309085571913348252136520206003694446566,axis,3
2.25.314147167453134440746270747484612743945,norm,3
2.25.322202456901330781765399791024580391565,norm,4
2.25.338439598607961312040815816824093323492,artifacts,2
2.25.339027809107632348165171236474821772940,norm,1
2.25.340839477910528898406207279980417945,norm,3
2.25.37515662379281069436632838996073181551,axis,1
2.25.39068163399801173920284179500049527111,axis,2
2.25.48906424954135283790354958243772558962,artifacts,0
2.25.52532476139575422857225834315571570912,norm,0
2.25.52982400970721161435951723390541696819,spine_position,0
2.25.54396839637320114639948764487283877793,norm,2
2.25.59542620917302828428419211045951914336,artifacts,3
2.25.65954778282254353457041255543338557112,norm,3
2.25.66397484472966116002950503539482860450,rotation,0
2.25.73070100851377917031356937075051545239,axis,2
2.25.76710355977373089612172037086913478687,norm,3
2.25.78999454687125053757525542837745968726,rotation,0
2.25.82912555346523716720160717883917565880,rotation,3
2.25.87718478011637131470224319788530286374,norm,2
2.25.87869906212286587478854831452123526595,artifacts,3
2.25.91981043841368764114007975581101713077,spine_position,1
