rel_path,study,px_hash,label
1.2.840.113619.2.110.512719.20250403090444/series_004_3_CR/DXA/CR DXA/CR000000.dcm,1.2.840.113619.2.110.512719.20250403090444,bde74e0bd7957343e78fc4d75fbb29c4,spine
1.2.840.113619.2.110.512719.20250403090444/series_004_3_CR/DXA/CR DXA/CR000001.dcm,1.2.840.113619.2.110.512719.20250403090444,a4f96852130721e06125369736594b80,rh
1.2.840.113619.2.110.512719.20250403090444/series_004_3_CR/DXA/CR DXA/CR000002.dcm,1.2.840.113619.2.110.512719.20250403090444,35577d40e2b4d9b1b8bb8732defe3b1b,lh
1.2.840.113619.2.110.512719.20250403092052/series_003_3_CR/DXA/CR DXA/CR000000.dcm,1.2.840.113619.2.110.512719.20250403092052,3e8b9b194fcbc16ad0a03ef0266b5a05,rh
1.2.840.113619.2.110.512719.20250403092052/series_003_3_CR/DXA/CR DXA/CR000001.dcm,1.2.840.113619.2.110.512719.20250403092052,8c0824ce218ef0a0c7f38f0993a03dbe,spine
1.2.840.113619.2.110.512719.20250403092052/series_003_3_CR/DXA/CR DXA/CR000002.dcm,1.2.840.113619.2.110.512719.20250403092052,c7403b597d6758761c213a3e09d7b90c,lh
1.2.840.113619.2.110.512719.20250407113211/series_001_2_CR/DXA/CR DXA/CR000000.dcm,1.2.840.113619.2.110.512719.20250407113211,c8eec584da2b6948b352d4608c8c7329,lh
1.2.840.113619.2.110.512719.20250407113211/series_001_2_CR/DXA/CR DXA/CR000001.dcm,1.2.840.113619.2.110.512719.20250407113211,4dd7929e04a6d920bc1206461277035f,rh
1.2.840.113619.2.110.512719.20250407113211/series_001_2_CR/DXA/CR DXA/CR000003.dcm,1.2.840.113619.2.110.512719.20250407113211,557787c810000383f17caca64c3933d7,spine
2.25.10245777060263212829333021434108890537/series_003_2_CR/A2504412435 DXA/CR DXA/CR000000.dcm,2.25.10245777060263212829333021434108890537,7dbe97cb7203b7d30aa88eb43aa07fd9,rh
2.25.10245777060263212829333021434108890537/series_003_2_CR/A2504412435 DXA/CR DXA/CR000001.dcm,2.25.10245777060263212829333021434108890537,41b3c116a4385b3848ad3cbe954b749d,spine
2.25.10245777060263212829333021434108890537/series_003_2_CR/A2504412435 DXA/CR DXA/CR000002.dcm,2.25.10245777060263212829333021434108890537,ec816382c2e27bf9e6b8015af730d18a,lh
2.25.102755089973625799055786462646268820450/series_002_2_CR/A2504257770 DXA/CR DXA/CR000000.dcm,2.25.102755089973625799055786462646268820450,73e0789a9526a208ab4c3794517b8565,lh
2.25.102755089973625799055786462646268820450/series_002_2_CR/A2504257770 DXA/CR DXA/CR000001.dcm,2.25.102755089973625799055786462646268820450,ff4b885d5b510425ad65b24fe29f818c,spine
2.25.102755089973625799055786462646268820450/series_002_2_CR/A2504257770 DXA/CR DXA/CR000002.dcm,2.25.102755089973625799055786462646268820450,d67f747731fc20a191862f7d46708ae2,rh
2.25.102965897799404973225419898683246248872/series_001_2_CR/A250726353 DXA/CR DXA/CR000000.dcm,2.25.102965897799404973225419898683246248872,48601eced8312116542531674fd00d62,lh
2.25.102965897799404973225419898683246248872/series_001_2_CR/A250726353 DXA/CR DXA/CR000001.dcm,2.25.102965897799404973225419898683246248872,34fd6c2b2ec9cc4b8f47bedee666ca16,spine
2.25.102965897799404973225419898683246248872/series_001_2_CR/A250726353 DXA/CR DXA/CR000002.dcm,2.25.102965897799404973225419898683246248872,9048044fdfed1477e695e5f983ed639c,rh
2.25.103868781101960771917584077315578649178/series_001_3_CR/A2507485409 DXA/CR DXA/CR000000.dcm,2.25.103868781101960771917584077315578649178,c362992896de12b30aea2f3a9f73307e,lh
2.25.103868781101960771917584077315578649178/series_001_3_CR/A2507485409 DXA/CR DXA/CR000001.dcm,2.25.103868781101960771917584077315578649178,c0e585560b9f0dbe3f8fd1d1e1955c15,rh
2.25.103868781101960771917584077315578649178/series_001_3_CR/A2507485409 DXA/CR DXA/CR000002.dcm,2.25.103868781101960771917584077315578649178,4ee49090a1cad69741bf79796bdcdd9e,spine
2.25.105033841136787477881326326053319223817/series_001_2_CR/A250790559 DXA/CR DXA/CR000000.dcm,2.25.105033841136787477881326326053319223817,198e4614c3520d1ebc8fee8bb23e6281,spine
2.25.105033841136787477881326326053319223817/series_001_2_CR/A250790559 DXA/CR DXA/CR000002.dcm,2.25.105033841136787477881326326053319223817,a5fa37ae4067348abc6f9ca7594e3e58,lh
2.25.105033841136787477881326326053319223817/series_001_2_CR/A250790559 DXA/CR DXA/CR000003.dcm,2.25.105033841136787477881326326053319223817,cf3560e2c283ae692f27493a6d4a7cb0,rh
2.25.108537195937431169718850276671337677972/series_002_2_CR/A250479795 DXA/CR DXA/CR000000.dcm,2.25.108537195937431169718850276671337677972,5779d80109fc26a3ee6e3570c5b7c66b,spine
2.25.11175860580562939441493697221497597640/series_003_2_CR/A2507431060 DXA/CR DXA/CR000000.dcm,2.25.11175860580562939441493697221497597640,fe9347c820b2ceb766fdcbe8195780f3,rh
2.25.11175860580562939441493697221497597640/series_003_2_CR/A2507431060 DXA/CR DXA/CR000001.dcm,2.25.11175860580562939441493697221497597640,ea85fefce298145aba3f8201af80fb24,spine
2.25.11175860580562939441493697221497597640/series_003_2_CR/A2507431060 DXA/CR DXA/CR000002.dcm,2.25.11175860580562939441493697221497597640,a8ce2e9620f702a43ece3e3a8c7578e9,lh
2.25.112621744005021908434051268014787122937/series_002_2_CR/A2504301685 DXA/CR DXA/CR000000.dcm,2.25.112621744005021908434051268014787122937,68f66702bd8a6f74ae7990497b28f795,spine
2.25.114887542067602662452692698814728642117/series_001_2_CR/A2504131887 DXA/CR DXA/CR000000.dcm,2.25.114887542067602662452692698814728642117,95dcef1e86fbdc0c33195b9081a88a20,rh
2.25.114887542067602662452692698814728642117/series_001_2_CR/A2504131887 DXA/CR DXA/CR000001.dcm,2.25.114887542067602662452692698814728642117,eceb4b99fda7556940cb2c99ddee0166,lh
2.25.114887542067602662452692698814728642117/series_001_2_CR/A2504131887 DXA/CR DXA/CR000004.dcm,2.25.114887542067602662452692698814728642117,9fec0e64a0c2c0d4e477065e5643f322,spine
2.25.116822802042655971810859435524105064465/series_003_2_CR/A2507273296 DXA/CR DXA/CR000000.dcm,2.25.116822802042655971810859435524105064465,7dcdbdcc8ff64ec9e8e2ba2a93f3b423,rh
2.25.116822802042655971810859435524105064465/series_003_2_CR/A2507273296 DXA/CR DXA/CR000001.dcm,2.25.116822802042655971810859435524105064465,fe30854cb1e3a8b1b42b776005613a14,lh
2.25.116822802042655971810859435524105064465/series_003_2_CR/A2507273296 DXA/CR DXA/CR000002.dcm,2.25.116822802042655971810859435524105064465,cba6e84969adf905ffb20f2a0d4dc504,spine
2.25.122446767306607067205618235949445789306/series_001_2_CR/A2504255080 DXA/CR DXA/CR000000.dcm,2.25.122446767306607067205618235949445789306,881f5d3b2340fb24da2755a1d530d9ae,rh
2.25.122446767306607067205618235949445789306/series_001_2_CR/A2504255080 DXA/CR DXA/CR000001.dcm,2.25.122446767306607067205618235949445789306,b8bec7fa2d3c9693be131b2c494784da,lh
2.25.122446767306607067205618235949445789306/series_001_2_CR/A2504255080 DXA/CR DXA/CR000002.dcm,2.25.122446767306607067205618235949445789306,bbda2ab2c921759aab2bd638eb2e04c9,spine
2.25.123175695355749859846173904788591707879/series_001_2_CR/A250722449 DXA/CR DXA/CR000000.dcm,2.25.123175695355749859846173904788591707879,8c6f49ce0217fc383628feb5400fdb23,spine
2.25.124890633326693921702195356152595253940/series_002_2_CR/A2504263153 DXA/CR DXA/CR000000.dcm,2.25.124890633326693921702195356152595253940,a06549316283b560086697121f28105e,spine
2.25.124890633326693921702195356152595253940/series_002_2_CR/A2504263153 DXA/CR DXA/CR000001.dcm,2.25.124890633326693921702195356152595253940,180c2ecb70de2b5be2c34c1b26e0d405,lh
2.25.124890633326693921702195356152595253940/series_002_2_CR/A2504263153 DXA/CR DXA/CR000002.dcm,2.25.124890633326693921702195356152595253940,6fc965373c506b5414ae74811abba550,rh
2.25.125521310320333648427417313254965624364/series_001_2_CR/A250444126 DXA/CR DXA/CR000000.dcm,2.25.125521310320333648427417313254965624364,eef8fcb2f9fd386ee23a0febc4a31081,spine
2.25.126293418391331346694592071563510265596/series_002_3_CR/A2507250865 DXA/CR DXA/CR000000.dcm,2.25.126293418391331346694592071563510265596,f27faf3c985682f32606d2542878deb5,rh
2.25.126293418391331346694592071563510265596/series_002_3_CR/A2507250865 DXA/CR DXA/CR000001.dcm,2.25.126293418391331346694592071563510265596,223c1a197e79681e8ddbd8a649745b9c,spine
2.25.126293418391331346694592071563510265596/series_002_3_CR/A2507250865 DXA/CR DXA/CR000002.dcm,2.25.126293418391331346694592071563510265596,5a0b7a80c9a82569b73770a26e14aef0,lh
2.25.127126130998341190348103034690069487890/series_002_2_CR/A250428736 DXA/CR DXA/CR000000.dcm,2.25.127126130998341190348103034690069487890,bae8a874507530c96cc562033a31afb1,spine
2.25.127126130998341190348103034690069487890/series_002_2_CR/A250428736 DXA/CR DXA/CR000001.dcm,2.25.127126130998341190348103034690069487890,f924e4f44b240ca1f5118c8756ee4114,lh
2.25.127126130998341190348103034690069487890/series_002_2_CR/A250428736 DXA/CR DXA/CR000003.dcm,2.25.127126130998341190348103034690069487890,8385e1a98cd32454ee51653b9d502682,rh
2.25.12798473087614376830819854616447908612/series_002_2_CR/A2507538847 DXA/CR DXA/CR000000.dcm,2.25.12798473087614376830819854616447908612,f698ab7bb2bf79c71f3f55fa62bb80e6,spine
2.25.12798473087614376830819854616447908612/series_002_2_CR/A2507538847 DXA/CR DXA/CR000001.dcm,2.25.12798473087614376830819854616447908612,5a466c4af3acbaea295a292608109ea9,lh
2.25.12798473087614376830819854616447908612/series_002_2_CR/A2507538847 DXA/CR DXA/CR000002.dcm,2.25.12798473087614376830819854616447908612,285e7644a870840e5ad6cd6a96cf79b8,rh
2.25.128197189461989832465575162384360009377/series_001_2_CR/A2507216909 DXA/CR DXA/CR000000.dcm,2.25.128197189461989832465575162384360009377,6da2387babff7909cb20a74764a87a6f,spine
2.25.128630285053087246379265602913470285158/series_003_2_CR/A2504394821 DXA/CR DXA/CR000000.dcm,2.25.128630285053087246379265602913470285158,9b648265355577a87c4889fe039c8590,spine
2.25.128990540359421489042453547244535073735/series_002_2_CR/A2507388698 DXA/CR DXA/CR000000.dcm,2.25.128990540359421489042453547244535073735,6bc0c2c5448a398723e164f1469f64ad,lh
2.25.128990540359421489042453547244535073735/series_002_2_CR/A2507388698 DXA/CR DXA/CR000001.dcm,2.25.128990540359421489042453547244535073735,63ec345587b97ae2e4a0d139a9a32a67,spine
2.25.128990540359421489042453547244535073735/series_002_2_CR/A2507388698 DXA/CR DXA/CR000003.dcm,2.25.128990540359421489042453547244535073735,980946af42a1aef94494f0686c4dd1d0,rh
2.25.129239680100193368599713239115902740628/series_003_3_CR/A250757345 DXA/CR DXA/CR000000.dcm,2.25.129239680100193368599713239115902740628,3571049e30adbdb4eb55a1829eb5d2e6,lh
2.25.13069823278093578548407087310307113784/series_003_2_CR/A2507242667 DXA/CR DXA/CR000000.dcm,2.25.13069823278093578548407087310307113784,039d364782890c6a91b0fe75968936e3,lh
2.25.13069823278093578548407087310307113784/series_003_2_CR/A2507242667 DXA/CR DXA/CR000001.dcm,2.25.13069823278093578548407087310307113784,bca0668fe1bf9f636cc6139dd7206fa1,spine
2.25.13069823278093578548407087310307113784/series_003_2_CR/A2507242667 DXA/CR DXA/CR000002.dcm,2.25.13069823278093578548407087310307113784,ab5e502b0d6bc64e4e603f31ad50ac79,rh
2.25.132083163398091874662674590622589534350/series_003_2_CR/A2507386583 DXA Exam/CR DXA Images/CR000000.dcm,2.25.132083163398091874662674590622589534350,648bf313b81b453468021e5e877eab21,lh
2.25.132083163398091874662674590622589534350/series_003_2_CR/A2507386583 DXA Exam/CR DXA Images/CR000001.dcm,2.25.132083163398091874662674590622589534350,39d2a0c3accc62818f06bd31c87eaff0,spine
2.25.132083163398091874662674590622589534350/series_003_2_CR/A2507386583 DXA Exam/CR DXA Images/CR000002.dcm,2.25.132083163398091874662674590622589534350,8809877bd096f7a831a8ee7c583275b7,rh
2.25.132272637351979990811754009849547633391/series_003_3_CR/A2504141080 DXA/CR DXA/CR000000.dcm,2.25.132272637351979990811754009849547633391,ee9466444b70e56b5b953ef3a6150ea4,lh
2.25.132272637351979990811754009849547633391/series_003_3_CR/A2504141080 DXA/CR DXA/CR000001.dcm,2.25.132272637351979990811754009849547633391,4d76b93ba40dda930ea4025023140409,rh
2.25.132272637351979990811754009849547633391/series_003_3_CR/A2504141080 DXA/CR DXA/CR000002.dcm,2.25.132272637351979990811754009849547633391,2feb6e5ee2f51b8f259025343e589b76,spine
2.25.13325817932854000792938662637654885530/series_002_2_CR/A2507365486 DXA/CR DXA/CR000000.dcm,2.25.13325817932854000792938662637654885530,4bd07dcf5c6278a1092a566480dc0e7e,spine
2.25.13325817932854000792938662637654885530/series_002_2_CR/A2507365486 DXA/CR DXA/CR000001.dcm,2.25.13325817932854000792938662637654885530,4ac757d4cd24792ff91756c5d0fe521b,lh
2.25.13325817932854000792938662637654885530/series_002_2_CR/A2507365486 DXA/CR DXA/CR000005.dcm,2.25.13325817932854000792938662637654885530,9a8dea1fc8a2e78d054347a4e6986683,rh
2.25.134456506307367483341018281460841912845/series_002_2_CR/A2507120612 DXA/CR DXA/CR000000.dcm,2.25.134456506307367483341018281460841912845,abd3754e387f41a79741102c3cca4e05,lh
2.25.134456506307367483341018281460841912845/series_002_2_CR/A2507120612 DXA/CR DXA/CR000001.dcm,2.25.134456506307367483341018281460841912845,4f6caa937d29dda1d90b047fc8580d9a,spine
2.25.134456506307367483341018281460841912845/series_002_2_CR/A2507120612 DXA/CR DXA/CR000002.dcm,2.25.134456506307367483341018281460841912845,f77b7d08bbebf391b21a383279677f37,rh
2.25.135241889065705954191821710363605596815/series_003_3_CR/A250715060 DXA/CR DXA/CR000000.dcm,2.25.135241889065705954191821710363605596815,d6a365fc3642d072628282cda0a52ba9,lh
2.25.135241889065705954191821710363605596815/series_003_3_CR/A250715060 DXA/CR DXA/CR000001.dcm,2.25.135241889065705954191821710363605596815,5ac1595f057d8ed398cf6eb0793fb1d3,spine
2.25.13566237352084812982996047541944701548/series_002_2_CR/A2504268931 DXA/CR DXA/CR000000.dcm,2.25.13566237352084812982996047541944701548,f03e113ff54e48601745b52e91db34f3,spine
2.25.137344827330550141320158285144101816664/series_003_3_CR/A2507146630 DXA/CR DXA/CR000000.dcm,2.25.137344827330550141320158285144101816664,0111b2b5a993f93146700231f5f2371b,spine
2.25.137344827330550141320158285144101816664/series_003_3_CR/A2507146630 DXA/CR DXA/CR000001.dcm,2.25.137344827330550141320158285144101816664,404a396f717b5232da8f6eab6c6fce5c,lh
2.25.137344827330550141320158285144101816664/series_003_3_CR/A2507146630 DXA/CR DXA/CR000002.dcm,2.25.137344827330550141320158285144101816664,f60c1fc14b1347b7c555a1c68a507db8,rh
2.25.137675513852774974135210999345676405116/series_001_2_CR/A2504106597 DXA/CR DXA/CR000000.dcm,2.25.137675513852774974135210999345676405116,b7e443bb9c5b01c28e7b3b7894ba8ddb,spine
2.25.13983650679559142983913935144968795415/series_003_2_CR/A2504335111 DXA/CR DXA/CR000000.dcm,2.25.13983650679559142983913935144968795415,68324f298b469510a93e56ef440dbee1,spine
2.25.13983650679559142983913935144968795415/series_003_2_CR/A2504335111 DXA/CR DXA/CR000001.dcm,2.25.13983650679559142983913935144968795415,429f71c8396b71585e567bf011b4d017,rh
2.25.13983650679559142983913935144968795415/series_003_2_CR/A2504335111 DXA/CR DXA/CR000002.dcm,2.25.13983650679559142983913935144968795415,ba398386f68391c769ef71e8f4176f1e,lh
2.25.144941557565802351596730914409170713112/series_001_2_CR/A250728979 DXA/CR DXA/CR000000.dcm,2.25.144941557565802351596730914409170713112,3838af4f7df89a60f0c9a6b660c2309e,lh
2.25.144941557565802351596730914409170713112/series_001_2_CR/A250728979 DXA/CR DXA/CR000002.dcm,2.25.144941557565802351596730914409170713112,c7a5b64a00716ed3bd74cc0faedc1349,rh
2.25.144941557565802351596730914409170713112/series_001_2_CR/A250728979 DXA/CR DXA/CR000006.dcm,2.25.144941557565802351596730914409170713112,0bc9539f473ce2e9916e9691061a2d0e,spine
2.25.145848300160680194368420189079847088556/series_002_2_CR/A2504248615 DXA Exam/CR DXA Images/CR000000.dcm,2.25.145848300160680194368420189079847088556,710156414e5c27a8a937c43305573475,rh
2.25.145848300160680194368420189079847088556/series_002_2_CR/A2504248615 DXA Exam/CR DXA Images/CR000001.dcm,2.25.145848300160680194368420189079847088556,f79ef4c6aab63a0c0a5b4ea4c97f4380,lh
2.25.145848300160680194368420189079847088556/series_002_2_CR/A2504248615 DXA Exam/CR DXA Images/CR000002.dcm,2.25.145848300160680194368420189079847088556,7a3cc33cfae7421565dd1bb9f3531d8e,spine
2.25.151186844055172005615813066162721550889/series_002_2_CR/A250436130 DXA/CR DXA/CR000000.dcm,2.25.151186844055172005615813066162721550889,5cdd8c50ad3698ac0a2d99cc3de49375,spine
2.25.151186844055172005615813066162721550889/series_002_2_CR/A250436130 DXA/CR DXA/CR000001.dcm,2.25.151186844055172005615813066162721550889,08f17635c452fac56b033d996fcd6eec,lh
2.25.151186844055172005615813066162721550889/series_002_2_CR/A250436130 DXA/CR DXA/CR000002.dcm,2.25.151186844055172005615813066162721550889,4ac1f2e244a4c2c7dd514b531c0086a8,rh
2.25.156021661584944120526934974594604520993/series_003_2_CR/A2507142228 DXA/CR DXA/CR000000.dcm,2.25.156021661584944120526934974594604520993,395e0f19e19e285617690238d8d7bb67,spine
2.25.156021661584944120526934974594604520993/series_003_2_CR/A2507142228 DXA/CR DXA/CR000001.dcm,2.25.156021661584944120526934974594604520993,aeb3c3d192494aa0b21565aa4f293d53,lh
2.25.156021661584944120526934974594604520993/series_003_2_CR/A2507142228 DXA/CR DXA/CR000003.dcm,2.25.156021661584944120526934974594604520993,036320ededcabaa4ee59f3fb68214d92,rh
2.25.156375884487675936513403083218009333856/series_003_2_CR/A250727121 DXA/CR DXA/CR000000.dcm,2.25.156375884487675936513403083218009333856,aba48ac44d9116915a6acece63e1c007,lh
2.25.156375884487675936513403083218009333856/series_003_2_CR/A250727121 DXA/CR DXA/CR000001.dcm,2.25.156375884487675936513403083218009333856,694582d6758b351675961331547e8bf9,spine
2.25.156375884487675936513403083218009333856/series_003_2_CR/A250727121 DXA/CR DXA/CR000004.dcm,2.25.156375884487675936513403083218009333856,8385202f400aa39939a58edbb7a1f207,rh
2.25.156389075510671877606923458507011517218/series_001_2_CR/A2507389755 DXA/CR DXA/CR000000.dcm,2.25.156389075510671877606923458507011517218,f276433a2ba21f29c7dab1111a1a576c,rh
2.25.156389075510671877606923458507011517218/series_001_2_CR/A2507389755 DXA/CR DXA/CR000001.dcm,2.25.156389075510671877606923458507011517218,bde463ce4d05072c6fbeff7c75849fb0,lh
2.25.156389075510671877606923458507011517218/series_001_2_CR/A2507389755 DXA/CR DXA/CR000002.dcm,2.25.156389075510671877606923458507011517218,48265b021389e629621dfc4937b726a0,spine
2.25.157462338378550185821790046400986801350/series_001_2_CR/A2507498707 DXA/CR DXA/CR000000.dcm,2.25.157462338378550185821790046400986801350,d2d1584ad2c585fb02c1f17affa33a23,spine
2.25.157462338378550185821790046400986801350/series_001_2_CR/A2507498707 DXA/CR DXA/CR000001.dcm,2.25.157462338378550185821790046400986801350,1d313c2db2dadf690ffcab71dafd72d6,rh
2.25.157462338378550185821790046400986801350/series_001_2_CR/A2507498707 DXA/CR DXA/CR000003.dcm,2.25.157462338378550185821790046400986801350,86777ed7e96393358787c8297a0807df,lh
2.25.158197739569377798130962967413133224194/series_002_2_CR/A2504245497 DXA/CR DXA/CR000000.dcm,2.25.158197739569377798130962967413133224194,59f502940fe9d3b2f92c5d4b497dfd02,spine
2.25.158646777318759504110695916200521633609/series_003_6_CR/A2507266260 DXA/CR DXA/CR000000.dcm,2.25.158646777318759504110695916200521633609,f8a61de599173608f5a7001ca4b32e93,rh
2.25.158646777318759504110695916200521633609/series_003_6_CR/A2507266260 DXA/CR DXA/CR000001.dcm,2.25.158646777318759504110695916200521633609,7bc3f50e49328eb2407ea556be0b1859,spine
2.25.158646777318759504110695916200521633609/series_003_6_CR/A2507266260 DXA/CR DXA/CR000003.dcm,2.25.158646777318759504110695916200521633609,82ec5b5cc37dab4ec5f86ab6a157f391,lh
2.25.159930383074323525630608416881201447861/series_002_2_CR/A2507139428 DXA/CR DXA/CR000000.dcm,2.25.159930383074323525630608416881201447861,f643e44e6d228f8f1f5e82967ebc2bf1,spine
2.25.164566280810634620154538016595892212884/series_001_2_CR/A2504291878 DXA Exam/CR DXA Images/CR000000.dcm,2.25.164566280810634620154538016595892212884,885fa295f057e287e0795465d607b048,rh
2.25.164566280810634620154538016595892212884/series_001_2_CR/A2504291878 DXA Exam/CR DXA Images/CR000001.dcm,2.25.164566280810634620154538016595892212884,9d860a606926ae2574d44f37f70f3e8d,spine
2.25.164566280810634620154538016595892212884/series_001_2_CR/A2504291878 DXA Exam/CR DXA Images/CR000002.dcm,2.25.164566280810634620154538016595892212884,73f71fe7fbe3248df6e0b67ca713a6f3,lh
2.25.165091430504580219034019815337441064349/series_001_2_CR/A2504415443 DXA/CR DXA/CR000000.dcm,2.25.165091430504580219034019815337441064349,d064d8be153502fb2a3af077cca0f8b1,rh
2.25.165091430504580219034019815337441064349/series_001_2_CR/A2504415443 DXA/CR DXA/CR000001.dcm,2.25.165091430504580219034019815337441064349,792928731245613f55ab452165f77bb2,lh
2.25.165091430504580219034019815337441064349/series_001_2_CR/A2504415443 DXA/CR DXA/CR000002.dcm,2.25.165091430504580219034019815337441064349,6cb785da1d576e97fef20b084bf4f148,spine
2.25.165355673991587715046346525964554729786/series_003_3_CR/A2506448267 DXA/CR DXA/CR000000.dcm,2.25.165355673991587715046346525964554729786,c57cbcd8b2a209bd61b0358850f61ff9,lh
2.25.165355673991587715046346525964554729786/series_003_3_CR/A2506448267 DXA/CR DXA/CR000001.dcm,2.25.165355673991587715046346525964554729786,e30b13102976123b08d5b8781c76156f,spine
2.25.167344201679287285499405412654740659745/series_003_2_CR/A2504249537 DXA/CR DXA/CR000000.dcm,2.25.167344201679287285499405412654740659745,fdef18869994726c122e999e8e4cf750,rh
2.25.167344201679287285499405412654740659745/series_003_2_CR/A2504249537 DXA/CR DXA/CR000001.dcm,2.25.167344201679287285499405412654740659745,650dd25185db2c4917add84bbdb74ec1,lh
2.25.167344201679287285499405412654740659745/series_003_2_CR/A2504249537 DXA/CR DXA/CR000002.dcm,2.25.167344201679287285499405412654740659745,fb35b294561a2726daaae4045f06db74,spine
2.25.16773626720107440979805052259711419763/series_004_2_CR/A2507537392 DXA/CR DXA/CR000000.dcm,2.25.16773626720107440979805052259711419763,b52bc762897aa647745538b366be9993,spine
2.25.16773626720107440979805052259711419763/series_004_2_CR/A2507537392 DXA/CR DXA/CR000001.dcm,2.25.16773626720107440979805052259711419763,219065bbec26116e826ac72a203d8cb8,rh
2.25.16773626720107440979805052259711419763/series_004_2_CR/A2507537392 DXA/CR DXA/CR000004.dcm,2.25.16773626720107440979805052259711419763,76dfa846e2bb9b784190743397195e2d,lh
2.25.168317503020329569414190677927680518621/series_004_2_CR/A2507557128 DXA/CR DXA/CR000000.dcm,2.25.168317503020329569414190677927680518621,d4940e29bef13b7c6e753167e1f28032,lh
2.25.168317503020329569414190677927680518621/series_004_2_CR/A2507557128 DXA/CR DXA/CR000003.dcm,2.25.168317503020329569414190677927680518621,47139c0cd7fdc5890265857ea9c96d51,spine
2.25.168317503020329569414190677927680518621/series_004_2_CR/A2507557128 DXA/CR DXA/CR000004.dcm,2.25.168317503020329569414190677927680518621,9e804f50e00641790100fafa5e07b554,rh
2.25.169242707068684757906797344800977707240/series_003_2_CR/A2507185832 DXA/CR DXA/CR000000.dcm,2.25.169242707068684757906797344800977707240,61ffc2f4b16f5b4810e7cbd1b3b18e1d,spine
2.25.172445998420765569384934552191547932566/series_004_2_CR/A2507368766 DXA/CR DXA/CR000000.dcm,2.25.172445998420765569384934552191547932566,f829791db11b8386c30aa5896d11ea6a,spine
2.25.172445998420765569384934552191547932566/series_004_2_CR/A2507368766 DXA/CR DXA/CR000001.dcm,2.25.172445998420765569384934552191547932566,4d7ce6c1f06f48a3e944cc00de720de2,rh
2.25.172445998420765569384934552191547932566/series_004_2_CR/A2507368766 DXA/CR DXA/CR000002.dcm,2.25.172445998420765569384934552191547932566,0a1515f7ffc5f169f11b9c6f637a0dc0,lh
2.25.173731186748227489808861376513577450951/series_002_2_CR/A2507188958 DXA/CR DXA/CR000000.dcm,2.25.173731186748227489808861376513577450951,c3973ea74bccce2c4fa4a61877aa0366,spine
2.25.173731186748227489808861376513577450951/series_002_2_CR/A2507188958 DXA/CR DXA/CR000001.dcm,2.25.173731186748227489808861376513577450951,a90a0f5e30c7f97d65a39577e612bd3e,lh
2.25.173753313169335820519632380691065649420/series_003_2_CR/A2504265499 DXA/CR DXA/CR000000.dcm,2.25.173753313169335820519632380691065649420,a20055d288d787e7034087d30b8647b1,rh
2.25.173753313169335820519632380691065649420/series_003_2_CR/A2504265499 DXA/CR DXA/CR000002.dcm,2.25.173753313169335820519632380691065649420,4f25194804eb5d70ed935327f469ebd7,spine
2.25.173753313169335820519632380691065649420/series_003_2_CR/A2504265499 DXA/CR DXA/CR000003.dcm,2.25.173753313169335820519632380691065649420,7594449ab02ad8877f0cc6a269316d18,lh
2.25.175881661753775295785039265792986971602/series_003_2_CR/A2507266462 DXA/CR DXA/CR000000.dcm,2.25.175881661753775295785039265792986971602,ce126c02a83dab4eb5dcd904896d62b0,rh
2.25.175881661753775295785039265792986971602/series_003_2_CR/A2507266462 DXA/CR DXA/CR000001.dcm,2.25.175881661753775295785039265792986971602,30ae45597de5e19081408f5cd47f1114,spine
2.25.175881661753775295785039265792986971602/series_003_2_CR/A2507266462 DXA/CR DXA/CR000002.dcm,2.25.175881661753775295785039265792986971602,dcb70fcca2ba3ca8a47c6773b9953d4e,lh
2.25.175903805423871105435148927871625232853/series_001_2_CR/A2507159447 DXA/CR DXA/CR000000.dcm,2.25.175903805423871105435148927871625232853,c89eff09b49d5f529f9da27d76e08bbb,spine
2.25.175903805423871105435148927871625232853/series_001_2_CR/A2507159447 DXA/CR DXA/CR000001.dcm,2.25.175903805423871105435148927871625232853,ff59cd89bebfb09906072042b94fb195,rh
2.25.175903805423871105435148927871625232853/series_001_2_CR/A2507159447 DXA/CR DXA/CR000002.dcm,2.25.175903805423871105435148927871625232853,d37b59af3c92f91a4fb88f3afb7c98f1,lh
2.25.17706555930735581384953296958427669848/series_004_3_CR/A2504146513 DXA/CR DXA/CR000000.dcm,2.25.17706555930735581384953296958427669848,7f8ae52dff752b8b8f44512d154d55e5,lh
2.25.17706555930735581384953296958427669848/series_004_3_CR/A2504146513 DXA/CR DXA/CR000001.dcm,2.25.17706555930735581384953296958427669848,5c8c4b86ad202847eb25964e876acbec,spine
2.25.17706555930735581384953296958427669848/series_004_3_CR/A2504146513 DXA/CR DXA/CR000003.dcm,2.25.17706555930735581384953296958427669848,38c2763e35c06b266070d16c6b396120,rh
2.25.177745077805190810016231350557005569203/series_002_2_CR/A2504273759 DXA/CR DXA/CR000000.dcm,2.25.177745077805190810016231350557005569203,172c3741a645c5ead2f7b4640efef50f,lh
2.25.177745077805190810016231350557005569203/series_002_2_CR/A2504273759 DXA/CR DXA/CR000001.dcm,2.25.177745077805190810016231350557005569203,e3de068501ad448abce6d5dd11a6de76,spine
2.25.177745077805190810016231350557005569203/series_002_2_CR/A2504273759 DXA/CR DXA/CR000004.dcm,2.25.177745077805190810016231350557005569203,f8fe8387da512e02d1e83544181dbe5d,rh
2.25.178533355209696795441380751187185128893/series_003_2_CR/A2507155452 DXA/CR DXA/CR000000.dcm,2.25.178533355209696795441380751187185128893,471f020379833e38d6332999c0144621,spine
2.25.181196659018348153828200695057897449628/series_004_2_CR/A2507370620 DXA/CR DXA/CR000000.dcm,2.25.181196659018348153828200695057897449628,ac838027291bf4fa50709215a425f415,lh
2.25.181196659018348153828200695057897449628/series_004_2_CR/A2507370620 DXA/CR DXA/CR000001.dcm,2.25.181196659018348153828200695057897449628,777e6bea53069967ebe2621d74e16595,rh
2.25.181196659018348153828200695057897449628/series_004_2_CR/A2507370620 DXA/CR DXA/CR000002.dcm,2.25.181196659018348153828200695057897449628,2899285954fdb5105394f6fefcc064e5,spine
2.25.184198356665635336833172191504278054074/series_004_2_CR/A250788286 DXA/CR DXA/CR000000.dcm,2.25.184198356665635336833172191504278054074,d40639d1a2f6a8c0c25a815887798e58,spine
2.25.184198356665635336833172191504278054074/series_004_2_CR/A250788286 DXA/CR DXA/CR000001.dcm,2.25.184198356665635336833172191504278054074,797ab8792e1e46e035b9462ee269a422,lh
2.25.184198356665635336833172191504278054074/series_004_2_CR/A250788286 DXA/CR DXA/CR000002.dcm,2.25.184198356665635336833172191504278054074,7992e22a4112aae11b00749ee69af120,rh
2.25.186201010600484120326273381077449377115/series_004_2_CR/A250777475 DXA/CR DXA/CR000000.dcm,2.25.186201010600484120326273381077449377115,0df7909c445c0a17de3e80e781851cde,lh
2.25.186201010600484120326273381077449377115/series_004_2_CR/A250777475 DXA/CR DXA/CR000002.dcm,2.25.186201010600484120326273381077449377115,1d58fcb14518e22b537dfccae7573d07,rh
2.25.186201010600484120326273381077449377115/series_004_2_CR/A250777475 DXA/CR DXA/CR000007.dcm,2.25.186201010600484120326273381077449377115,40305c6c148d7d566f631922cf4a140b,spine
2.25.190331309633057244929837507901317950031/series_001_2_CR/A250791815 DXA/CR DXA/CR000000.dcm,2.25.190331309633057244929837507901317950031,a84ece5972c23c0fbd9a71fb2c053916,lh
2.25.190331309633057244929837507901317950031/series_001_2_CR/A250791815 DXA/CR DXA/CR000003.dcm,2.25.190331309633057244929837507901317950031,5ad3e468294ca00ed900d73d288614f7,spine
2.25.190331309633057244929837507901317950031/series_001_2_CR/A250791815 DXA/CR DXA/CR000004.dcm,2.25.190331309633057244929837507901317950031,f75170df2622ac7db083ead628714712,rh
2.25.190807933410234695931591553323782771995/series_002_3_CR/A250762254 DXA/CR DXA/CR000000.dcm,2.25.190807933410234695931591553323782771995,fb3f4f003756a01ba5f107014fad6a65,spine
2.25.190807933410234695931591553323782771995/series_002_3_CR/A250762254 DXA/CR DXA/CR000001.dcm,2.25.190807933410234695931591553323782771995,c7a06c6697550f711ab24e967cd66b44,lh
2.25.215177279960644564778148238928738915103/series_002_2_CR/A2504147013 DXA/CR DXA/CR000000.dcm,2.25.215177279960644564778148238928738915103,93c5f83750649c680eafb6dda64c7708,lh
2.25.215177279960644564778148238928738915103/series_002_2_CR/A2504147013 DXA/CR DXA/CR000001.dcm,2.25.215177279960644564778148238928738915103,c89109029d0979a778c7839555aa6b8d,spine
2.25.215177279960644564778148238928738915103/series_002_2_CR/A2504147013 DXA/CR DXA/CR000002.dcm,2.25.215177279960644564778148238928738915103,88df432d06e9a6a0cb4803041bf6a7eb,rh
2.25.217397325224876728316360420804118329081/series_002_2_CR/A250474631 DXA/CR DXA/CR000000.dcm,2.25.217397325224876728316360420804118329081,51184abcda51094c47bf39f09e7e1e83,lh
2.25.217397325224876728316360420804118329081/series_002_2_CR/A250474631 DXA/CR DXA/CR000001.dcm,2.25.217397325224876728316360420804118329081,8c4489c12ba1f4b463d4581ca53841e9,rh
2.25.217397325224876728316360420804118329081/series_002_2_CR/A250474631 DXA/CR DXA/CR000002.dcm,2.25.217397325224876728316360420804118329081,2b5a095a62fbe2fb845e027c890f04d9,spine
2.25.220866240977467582196609708837940253840/series_001_2_CR/A2504258893 DXA/CR DXA/CR000000.dcm,2.25.220866240977467582196609708837940253840,b7e2252ad8b2076657f3ff2ccdc442b1,spine
2.25.234651502352368356456298825489565282446/series_002_2_CR/A2504307193 DXA/CR DXA/CR000000.dcm,2.25.234651502352368356456298825489565282446,83d18533072a154f551e818b540893e6,rh
2.25.234651502352368356456298825489565282446/series_002_2_CR/A2504307193 DXA/CR DXA/CR000002.dcm,2.25.234651502352368356456298825489565282446,0d828ffaccba4d7696697d8efa062e80,spine
2.25.234651502352368356456298825489565282446/series_002_2_CR/A2504307193 DXA/CR DXA/CR000003.dcm,2.25.234651502352368356456298825489565282446,187628423af4134e5edb9444c673e969,lh
2.25.247714038039430659432048101646401574824/series_002_2_CR/A2504238024 DXA Exam/CR DXA Images/CR000000.dcm,2.25.247714038039430659432048101646401574824,14479b37f8f9473ed9f56bd01d838d4a,lh
2.25.247714038039430659432048101646401574824/series_002_2_CR/A2504238024 DXA Exam/CR DXA Images/CR000001.dcm,2.25.247714038039430659432048101646401574824,877c1e5f4e7cb947756a24fd4ac3c9d4,rh
2.25.247714038039430659432048101646401574824/series_002_2_CR/A2504238024 DXA Exam/CR DXA Images/CR000002.dcm,2.25.247714038039430659432048101646401574824,f5ea23733da40e1c670bf518a072acc5,spine
2.25.269648774413746842548908998641183395622/series_001_2_CR/A2504393664 DXA/CR DXA/CR000000.dcm,2.25.269648774413746842548908998641183395622,af32423ea0c620e02d38e3a82cb899e9,rh
2.25.269648774413746842548908998641183395622/series_001_2_CR/A2504393664 DXA/CR DXA/CR000001.dcm,2.25.269648774413746842548908998641183395622,03877cc46390328b2bb655fe01185491,spine
2.25.269648774413746842548908998641183395622/series_001_2_CR/A2504393664 DXA/CR DXA/CR000002.dcm,2.25.269648774413746842548908998641183395622,4bc5aac4a865a9d8c414cf874ad564d3,lh
2.25.269742577365511543488820993979123763373/series_003_2_CR/A250477751 DXA/CR DXA/CR000000.dcm,2.25.269742577365511543488820993979123763373,24e862b88708d8140a6448dd25aafdfe,spine
2.25.272690031744216183651627058502316132741/series_002_2_CR/A2504373414 DXA/CR DXA/CR000000.dcm,2.25.272690031744216183651627058502316132741,6962d08d46c275b8e714110c4bc4bc54,rh
2.25.272690031744216183651627058502316132741/series_002_2_CR/A2504373414 DXA/CR DXA/CR000001.dcm,2.25.272690031744216183651627058502316132741,abd3fe0c0f76232178a0ffed6a8df849,spine
2.25.272690031744216183651627058502316132741/series_002_2_CR/A2504373414 DXA/CR DXA/CR000002.dcm,2.25.272690031744216183651627058502316132741,063f34d1fc990689926688a187894f7d,lh
2.25.276415754443998872860614500027519740375/series_002_2_CR/A2504387089 DXA/CR DXA/CR000000.dcm,2.25.276415754443998872860614500027519740375,ab23e90a8b8bb533daa55069142fc2cd,spine
2.25.276415754443998872860614500027519740375/series_002_2_CR/A2504387089 DXA/CR DXA/CR000002.dcm,2.25.276415754443998872860614500027519740375,4e3432b2328d716c68130236ea85cfb8,rh
2.25.276415754443998872860614500027519740375/series_002_2_CR/A2504387089 DXA/CR DXA/CR000003.dcm,2.25.276415754443998872860614500027519740375,2065f49f739b2f7304611e46009df1c2,lh
2.25.277752758923974029595977676354128739670/series_002_2_CR/A2504223752 DXA/CR DXA/CR000000.dcm,2.25.277752758923974029595977676354128739670,2fc2c284cf0fa7fdc0fe987acf88bcb4,rh
2.25.277752758923974029595977676354128739670/series_002_2_CR/A2504223752 DXA/CR DXA/CR000001.dcm,2.25.277752758923974029595977676354128739670,1d1ff5e30dfa57016edc01909be108eb,lh
2.25.277752758923974029595977676354128739670/series_002_2_CR/A2504223752 DXA/CR DXA/CR000004.dcm,2.25.277752758923974029595977676354128739670,617979f5b2f05b673b741b687cc4a2ba,spine
2.25.286999464611662854355201599068538813496/series_003_2_CR/A2504223477 DXA/CR DXA/CR000000.dcm,2.25.286999464611662854355201599068538813496,0cf9bbf080767a803df775695086a598,rh
2.25.286999464611662854355201599068538813496/series_003_2_CR/A2504223477 DXA/CR DXA/CR000001.dcm,2.25.286999464611662854355201599068538813496,b68b7172d55770e02a497b19ec41d6a5,spine
2.25.286999464611662854355201599068538813496/series_003_2_CR/A2504223477 DXA/CR DXA/CR000002.dcm,2.25.286999464611662854355201599068538813496,06133aaafa805e430bd34768a8b7dcea,lh
2.25.29638026465755240167985424461715024381/series_004_3_CR/A2504115579 DXA/CR DXA/CR000000.dcm,2.25.29638026465755240167985424461715024381,8fb5e49267c35ac049d95dfd94d15644,rh
2.25.29638026465755240167985424461715024381/series_004_3_CR/A2504115579 DXA/CR DXA/CR000001.dcm,2.25.29638026465755240167985424461715024381,0fb252a1a527abd4b2675229e17b2d93,spine
2.25.29638026465755240167985424461715024381/series_004_3_CR/A2504115579 DXA/CR DXA/CR000003.dcm,2.25.29638026465755240167985424461715024381,a1fd743f1655a93d442d42c6b1b9ec7b,lh
2.25.306921081709806079165809721263236241032/series_002_2_CR/A2504381177 DXA/CR DXA/CR000000.dcm,2.25.306921081709806079165809721263236241032,8bbcb48248e48630582e0d310c2acb18,spine
2.25.307021710202910067378603383388989711646/series_004_2_CR/A2504110565 DXA/CR DXA/CR000000.dcm,2.25.307021710202910067378603383388989711646,aa3f8ca6a34fc9fa23c2d85869d981d0,spine
2.25.307021710202910067378603383388989711646/series_004_2_CR/A2504110565 DXA/CR DXA/CR000001.dcm,2.25.307021710202910067378603383388989711646,9a3771da47815441bb2a4e3ddfeaca3e,rh
2.25.307021710202910067378603383388989711646/series_004_2_CR/A2504110565 DXA/CR DXA/CR000004.dcm,2.25.307021710202910067378603383388989711646,0db44194f0e421efba9d7ca6a99cdc7f,lh
2.25.309085571913348252136520206003694446566/series_002_2_CR/A2504116267 DXA/CR DXA/CR000000.dcm,2.25.309085571913348252136520206003694446566,10618bce2003449ed8b68ed0da60c2f2,spine
2.25.309085571913348252136520206003694446566/series_002_2_CR/A2504116267 DXA/CR DXA/CR000001.dcm,2.25.309085571913348252136520206003694446566,9651241a8249c84547d337836a112207,lh
2.25.309085571913348252136520206003694446566/series_002_2_CR/A2504116267 DXA/CR DXA/CR000002.dcm,2.25.309085571913348252136520206003694446566,d44ff4dce49afc675f6b8563bbf396e2,rh
2.25.314147167453134440746270747484612743945/series_002_2_CR/A2504224780 DXA/CR DXA/CR000000.dcm,2.25.314147167453134440746270747484612743945,8494ac14290d0ee2f62d86fc34afb987,rh
2.25.314147167453134440746270747484612743945/series_002_2_CR/A2504224780 DXA/CR DXA/CR000001.dcm,2.25.314147167453134440746270747484612743945,583d1746ca9769d8932076d333456659,lh
2.25.314147167453134440746270747484612743945/series_002_2_CR/A2504224780 DXA/CR DXA/CR000002.dcm,2.25.314147167453134440746270747484612743945,0899ff725df9c1e6413701824a7c3a9b,spine
2.25.322202456901330781765399791024580391565/series_002_2_CR/A2504350020 DXA/CR DXA/CR000000.dcm,2.25.322202456901330781765399791024580391565,1af6611d2182c0ab14412b1a6c19d83a,spine
2.25.338439598607961312040815816824093323492/series_002_2_CR/A2504147124 DXA/CR DXA/CR000000.dcm,2.25.338439598607961312040815816824093323492,3f50bd4ef43d01eab26a3d8cdccf04bc,spine
2.25.339027809107632348165171236474821772940/series_001_2_CR/A2504349642 DXA/CR DXA/CR000000.dcm,2.25.339027809107632348165171236474821772940,b38d170e079b40aad29d259c29ed11d3,rh
2.25.339027809107632348165171236474821772940/series_001_2_CR/A2504349642 DXA/CR DXA/CR000001.dcm,2.25.339027809107632348165171236474821772940,894b59fe181bec8fd744564eb0228f99,spine
2.25.339027809107632348165171236474821772940/series_001_2_CR/A2504349642 DXA/CR DXA/CR000002.dcm,2.25.339027809107632348165171236474821772940,aeae21fa4299232fd08f8d21d8f121b0,lh
2.25.340839477910528898406207279980417945/series_001_2_CR/A2504224555 DXA Exam/CR DXA Images/CR000000.dcm,2.25.340839477910528898406207279980417945,d897cd8947f7f49d7c15aad1147538f7,lh
2.25.340839477910528898406207279980417945/series_001_2_CR/A2504224555 DXA Exam/CR DXA Images/CR000001.dcm,2.25.340839477910528898406207279980417945,0f0f4a2ce855533a457e9e33d38d7063,rh
2.25.340839477910528898406207279980417945/series_001_2_CR/A2504224555 DXA Exam/CR DXA Images/CR000002.dcm,2.25.340839477910528898406207279980417945,61aff4567788a4001934bf5178fbaea3,spine
2.25.37515662379281069436632838996073181551/series_001_2_CR/A2504329840 DXA/CR DXA/CR000000.dcm,2.25.37515662379281069436632838996073181551,77dd238d6b9ca23e9d926f29229ef0ac,spine
2.25.37515662379281069436632838996073181551/series_001_2_CR/A2504329840 DXA/CR DXA/CR000001.dcm,2.25.37515662379281069436632838996073181551,8f52ce146f5bf67b10a40ca94bafdf03,lh
2.25.37515662379281069436632838996073181551/series_001_2_CR/A2504329840 DXA/CR DXA/CR000002.dcm,2.25.37515662379281069436632838996073181551,738bc28b73ce81efb8189cb8bf1a9c1b,rh
2.25.39068163399801173920284179500049527111/series_002_2_CR/A2504195842 DXA/CR DXA/CR000000.dcm,2.25.39068163399801173920284179500049527111,a348941c63e261eab49b58faf933c430,rh
2.25.39068163399801173920284179500049527111/series_002_2_CR/A2504195842 DXA/CR DXA/CR000001.dcm,2.25.39068163399801173920284179500049527111,542372a7ffba8e30f4c02bfb1498d4e7,lh
2.25.39068163399801173920284179500049527111/series_002_2_CR/A2504195842 DXA/CR DXA/CR000002.dcm,2.25.39068163399801173920284179500049527111,6c5af4c2434dfdc2387e514b151095c8,spine
2.25.48906424954135283790354958243772558962/series_001_2_CR/A2504185596 DXA Exam/CR DXA Images/CR000000.dcm,2.25.48906424954135283790354958243772558962,69de615b923bcb57ce987125deb218d0,rh
2.25.48906424954135283790354958243772558962/series_001_2_CR/A2504185596 DXA Exam/CR DXA Images/CR000001.dcm,2.25.48906424954135283790354958243772558962,9d6d8709f416d93244d4555b47cef5fc,lh
2.25.48906424954135283790354958243772558962/series_001_2_CR/A2504185596 DXA Exam/CR DXA Images/CR000002.dcm,2.25.48906424954135283790354958243772558962,b8f79690e37ea854fa1cdd494cdac98b,spine
2.25.52532476139575422857225834315571570912/series_001_2_CR/A2504247961 DXA/CR DXA/CR000000.dcm,2.25.52532476139575422857225834315571570912,2966a7359140445db213c02aff383cfb,spine
2.25.52982400970721161435951723390541696819/series_001_2_CR/A2504331065 DXA/CR DXA/CR000000.dcm,2.25.52982400970721161435951723390541696819,5c3b7a3092df4dc8edf38521ef1b57d4,rh
2.25.52982400970721161435951723390541696819/series_001_2_CR/A2504331065 DXA/CR DXA/CR000001.dcm,2.25.52982400970721161435951723390541696819,ef46204a82455581819f059cf7cea032,lh
2.25.52982400970721161435951723390541696819/series_001_2_CR/A2504331065 DXA/CR DXA/CR000002.dcm,2.25.52982400970721161435951723390541696819,782b48de366495e89af475211ae47d98,spine
2.25.54396839637320114639948764487283877793/series_003_2_CR/A2504111090 DXA/CR DXA/CR000000.dcm,2.25.54396839637320114639948764487283877793,51ea879b9ed0629ec2f99769e1eb365d,spine
2.25.59542620917302828428419211045951914336/series_001_2_CR/A2504303391 DXA/CR DXA/CR000000.dcm,2.25.59542620917302828428419211045951914336,3ec02b36a7c4c1eef877048654174e1a,spine
2.25.65954778282254353457041255543338557112/series_004_3_CR/A2504246289 DXA/CR DXA/CR000000.dcm,2.25.65954778282254353457041255543338557112,eff43939335502bb871f315d6a4bfd96,rh
2.25.65954778282254353457041255543338557112/series_004_3_CR/A2504246289 DXA/CR DXA/CR000001.dcm,2.25.65954778282254353457041255543338557112,8db260d7d1430bb43680d7871022863e,lh
2.25.65954778282254353457041255543338557112/series_004_3_CR/A2504246289 DXA/CR DXA/CR000002.dcm,2.25.65954778282254353457041255543338557112,b12d6fa60b1055e7132ea456abdbe097,spine
2.25.66397484472966116002950503539482860450/series_001_2_CR/A2504194637 DXA/CR DXA/CR000000.dcm,2.25.66397484472966116002950503539482860450,49838cb3c8e349a561b4d88ece5dc991,lh
2.25.66397484472966116002950503539482860450/series_001_2_CR/A2504194637 DXA/CR DXA/CR000003.dcm,2.25.66397484472966116002950503539482860450,6c9ff038cfd6b7ca3c549b48e68ff617,rh
2.25.66397484472966116002950503539482860450/series_001_2_CR/A2504194637 DXA/CR DXA/CR000004.dcm,2.25.66397484472966116002950503539482860450,01d0746ff8924a7906541964e24a277e,spine
2.25.73070100851377917031356937075051545239/series_002_2_CR/A2504239110 DXA/CR DXA/CR000000.dcm,2.25.73070100851377917031356937075051545239,a667ef3db018161135a09786721427ef,lh
2.25.73070100851377917031356937075051545239/series_002_2_CR/A2504239110 DXA/CR DXA/CR000001.dcm,2.25.73070100851377917031356937075051545239,34420d4b9037d71fc2909a8a034dd66d,rh
2.25.73070100851377917031356937075051545239/series_002_2_CR/A2504239110 DXA/CR DXA/CR000002.dcm,2.25.73070100851377917031356937075051545239,3df9555f540cc4251afbc1c43c16b3af,spine
2.25.76710355977373089612172037086913478687/series_002_3_CR/A2504104830 DXA/CR DXA/CR000000.dcm,2.25.76710355977373089612172037086913478687,02fdda9719bdd862f4d81964b0417701,rh
2.25.76710355977373089612172037086913478687/series_002_3_CR/A2504104830 DXA/CR DXA/CR000001.dcm,2.25.76710355977373089612172037086913478687,124b6cbbc705eda6ccf1b8dd78b89e66,spine
2.25.76710355977373089612172037086913478687/series_002_3_CR/A2504104830 DXA/CR DXA/CR000002.dcm,2.25.76710355977373089612172037086913478687,79c36538cf2e2359436e1bbb8804fbe2,lh
2.25.78999454687125053757525542837745968726/series_004_3_CR/A2504222617 DXA/CR DXA/CR000000.dcm,2.25.78999454687125053757525542837745968726,fcc24fb76353f12b28945a0d42b8cfe0,lh
2.25.78999454687125053757525542837745968726/series_004_3_CR/A2504222617 DXA/CR DXA/CR000001.dcm,2.25.78999454687125053757525542837745968726,ac1d57af72a2ecd039f4dedfdf275e6b,rh
2.25.78999454687125053757525542837745968726/series_004_3_CR/A2504222617 DXA/CR DXA/CR000002.dcm,2.25.78999454687125053757525542837745968726,0c388c08077cd2032abc6cb8cf4b6a15,spine
2.25.82912555346523716720160717883917565880/series_002_2_CR/A2504149480 DXA/CR DXA/CR000000.dcm,2.25.82912555346523716720160717883917565880,cf42cc1002dc0a7e479613c012581c86,lh
2.25.82912555346523716720160717883917565880/series_002_2_CR/A2504149480 DXA/CR DXA/CR000001.dcm,2.25.82912555346523716720160717883917565880,c7699d6a3e81b5336011a73464708552,spine
2.25.82912555346523716720160717883917565880/series_002_2_CR/A2504149480 DXA/CR DXA/CR000002.dcm,2.25.82912555346523716720160717883917565880,b3bf3bf54f3a22eab182896eed96190d,rh
2.25.87718478011637131470224319788530286374/series_002_2_CR/A2504337993 DXA/CR DXA/CR000000.dcm,2.25.87718478011637131470224319788530286374,7d260c1d64465bf435888b81e3f100f4,spine
2.25.87869906212286587478854831452123526595/series_002_2_CR/A250419699 DXA/CR DXA/CR000000.dcm,2.25.87869906212286587478854831452123526595,eb0db08012f60e7cc342f28b1ac516a6,lh
2.25.87869906212286587478854831452123526595/series_002_2_CR/A250419699 DXA/CR DXA/CR000001.dcm,2.25.87869906212286587478854831452123526595,849e7a4cb82d4f0aee9d73bcc94b6324,spine
2.25.87869906212286587478854831452123526595/series_002_2_CR/A250419699 DXA/CR DXA/CR000002.dcm,2.25.87869906212286587478854831452123526595,95568ce498c98f5f10b7e236f809f493,rh
2.25.91981043841368764114007975581101713077/series_003_2_CR/A250496619 DXA/CR DXA/CR000000.dcm,2.25.91981043841368764114007975581101713077,3b4ecf5873b7f2c42c82e4aa56392e5b,lh
2.25.91981043841368764114007975581101713077/series_003_2_CR/A250496619 DXA/CR DXA/CR000002.dcm,2.25.91981043841368764114007975581101713077,69aa3296e280a2f2c64ce8589eda6128,rh
2.25.91981043841368764114007975581101713077/series_003_2_CR/A250496619 DXA/CR DXA/CR000004.dcm,2.25.91981043841368764114007975581101713077,25d0bdf9189b723ba454c7f148654008,spine
