rel_path,study,px_hash,label,fold,y,geometry,p_cnn,p_cnn_seed0,p_cnn_seed1,p_cnn_seed2,p_stack,p_verdict,p_verdict_nested,pred_nested
1.2.840.113619.2.110.512719.20250403090444/series_004_3_CR/DXA/CR DXA/CR000000.dcm,1.2.840.113619.2.110.512719.20250403090444,bde74e0bd7957343e78fc4d75fbb29c4,spine,4,0,4.61,0.005408,0.006094,0.007119,0.00301,0.079951,0.079951,0.024278,0
1.2.840.113619.2.110.512719.20250403092052/series_003_3_CR/DXA/CR DXA/CR000001.dcm,1.2.840.113619.2.110.512719.20250403092052,8c0824ce218ef0a0c7f38f0993a03dbe,spine,0,0,5.57,0.023537,0.033595,0.002231,0.034786,0.096066,0.096066,0.103262,0
1.2.840.113619.2.110.512719.20250407113211/series_001_2_CR/DXA/CR DXA/CR000003.dcm,1.2.840.113619.2.110.512719.20250407113211,557787c810000383f17caca64c3933d7,spine,4,0,3.4,0.152758,0.4288,0.025239,0.004234,0.112446,0.112446,0.111874,0
2.25.10245777060263212829333021434108890537/series_003_2_CR/A2504412435 DXA/CR DXA/CR000001.dcm,2.25.10245777060263212829333021434108890537,41b3c116a4385b3848ad3cbe954b749d,spine,0,0,8.62,0.141925,0.305495,0.116395,0.003884,0.126622,0.126622,0.129363,0
2.25.102755089973625799055786462646268820450/series_002_2_CR/A2504257770 DXA/CR DXA/CR000001.dcm,2.25.102755089973625799055786462646268820450,ff4b885d5b510425ad65b24fe29f818c,spine,3,0,1.65,0.003788,0.001812,0.005033,0.004519,0.071283,0.071283,0.087884,0
2.25.102965897799404973225419898683246248872/series_001_2_CR/A250726353 DXA/CR DXA/CR000001.dcm,2.25.102965897799404973225419898683246248872,34fd6c2b2ec9cc4b8f47bedee666ca16,spine,1,0,3.76,0.014362,0.016932,0.00314,0.023013,0.086986,0.086986,0.106298,0
2.25.103868781101960771917584077315578649178/series_001_3_CR/A2507485409 DXA/CR DXA/CR000002.dcm,2.25.103868781101960771917584077315578649178,4ee49090a1cad69741bf79796bdcdd9e,spine,4,0,9.79,0.035103,0.038731,0.04577,0.020809,0.111425,0.111425,0.075961,0
2.25.105033841136787477881326326053319223817/series_001_2_CR/A250790559 DXA/CR DXA/CR000000.dcm,2.25.105033841136787477881326326053319223817,198e4614c3520d1ebc8fee8bb23e6281,spine,0,0,5.27,0.070994,0.124668,0.013151,0.075163,0.107673,0.107673,0.113366,0
2.25.108537195937431169718850276671337677972/series_002_2_CR/A250479795 DXA/CR DXA/CR000000.dcm,2.25.108537195937431169718850276671337677972,5779d80109fc26a3ee6e3570c5b7c66b,spine,2,0,7.81,0.008683,0.016035,0.007007,0.003006,0.091269,0.091269,0.077338,0
2.25.11175860580562939441493697221497597640/series_003_2_CR/A2507431060 DXA/CR DXA/CR000001.dcm,2.25.11175860580562939441493697221497597640,ea85fefce298145aba3f8201af80fb24,spine,2,1,4.59,0.062534,0.059796,0.009941,0.117866,0.104372,0.104372,0.096506,0
2.25.112621744005021908434051268014787122937/series_002_2_CR/A2504301685 DXA/CR DXA/CR000000.dcm,2.25.112621744005021908434051268014787122937,68f66702bd8a6f74ae7990497b28f795,spine,2,0,5.23,0.060558,0.114905,0.024266,0.042502,0.105665,0.105665,0.097119,0
2.25.114887542067602662452692698814728642117/series_001_2_CR/A2504131887 DXA/CR DXA/CR000004.dcm,2.25.114887542067602662452692698814728642117,9fec0e64a0c2c0d4e477065e5643f322,spine,0,1,15.17,0.006542,0.012946,0.00263,0.004049,0.106468,0.106468,0.112039,0
2.25.116822802042655971810859435524105064465/series_003_2_CR/A2507273296 DXA/CR DXA/CR000002.dcm,2.25.116822802042655971810859435524105064465,cba6e84969adf905ffb20f2a0d4dc504,spine,1,0,3.57,0.079114,0.199917,0.004184,0.03324,0.104499,0.104499,0.110111,0
2.25.122446767306607067205618235949445789306/series_001_2_CR/A2504255080 DXA/CR DXA/CR000002.dcm,2.25.122446767306607067205618235949445789306,bbda2ab2c921759aab2bd638eb2e04c9,spine,2,0,5.23,0.12196,0.209009,0.107797,0.049075,0.11448,0.11448,0.107653,0
2.25.123175695355749859846173904788591707879/series_001_2_CR/A250722449 DXA/CR DXA/CR000000.dcm,2.25.123175695355749859846173904788591707879,8c6f49ce0217fc383628feb5400fdb23,spine,2,0,9.03,0.269523,0.040192,0.153812,0.614566,0.138753,0.138753,0.130449,0
2.25.124890633326693921702195356152595253940/series_002_2_CR/A2504263153 DXA/CR DXA/CR000000.dcm,2.25.124890633326693921702195356152595253940,a06549316283b560086697121f28105e,spine,2,0,7.11,0.011445,0.006188,0.017457,0.010689,0.092376,0.092376,0.079392,0
2.25.125521310320333648427417313254965624364/series_001_2_CR/A250444126 DXA/CR DXA/CR000000.dcm,2.25.125521310320333648427417313254965624364,eef8fcb2f9fd386ee23a0febc4a31081,spine,4,0,3.64,0.037931,0.041148,0.067561,0.005085,0.096424,0.096424,0.057797,0
2.25.126293418391331346694592071563510265596/series_002_3_CR/A2507250865 DXA/CR DXA/CR000001.dcm,2.25.126293418391331346694592071563510265596,223c1a197e79681e8ddbd8a649745b9c,spine,3,0,2.42,0.274515,0.492319,0.155325,0.175902,0.118546,0.118546,0.115526,0
2.25.127126130998341190348103034690069487890/series_002_2_CR/A250428736 DXA/CR DXA/CR000000.dcm,2.25.127126130998341190348103034690069487890,bae8a874507530c96cc562033a31afb1,spine,4,0,7.15,0.049775,0.062274,0.042455,0.044597,0.108436,0.108436,0.078335,0
2.25.12798473087614376830819854616447908612/series_002_2_CR/A2507538847 DXA/CR DXA/CR000000.dcm,2.25.12798473087614376830819854616447908612,f698ab7bb2bf79c71f3f55fa62bb80e6,spine,1,0,2.35,0.012756,0.017453,0.013315,0.007499,0.082848,0.082848,0.102162,0
2.25.128197189461989832465575162384360009377/series_001_2_CR/A2507216909 DXA/CR DXA/CR000000.dcm,2.25.128197189461989832465575162384360009377,6da2387babff7909cb20a74764a87a6f,spine,3,0,17.91,0.048134,0.031624,0.03814,0.074637,0.140374,0.140374,0.148329,0
2.25.128630285053087246379265602913470285158/series_003_2_CR/A2504394821 DXA/CR DXA/CR000000.dcm,2.25.128630285053087246379265602913470285158,9b648265355577a87c4889fe039c8590,spine,4,0,15.2,0.02802,0.053608,0.018542,0.011909,0.12419,0.12419,0.089557,0
2.25.128990540359421489042453547244535073735/series_002_2_CR/A2507388698 DXA/CR DXA/CR000001.dcm,2.25.128990540359421489042453547244535073735,63ec345587b97ae2e4a0d139a9a32a67,spine,3,0,2.98,0.035862,0.01248,0.033723,0.061382,0.094254,0.094254,0.103057,0
2.25.13069823278093578548407087310307113784/series_003_2_CR/A2507242667 DXA/CR DXA/CR000001.dcm,2.25.13069823278093578548407087310307113784,bca0668fe1bf9f636cc6139dd7206fa1,spine,4,0,4.67,0.048682,0.087876,0.007178,0.050992,0.101705,0.101705,0.06849,0
2.25.132083163398091874662674590622589534350/series_003_2_CR/A2507386583 DXA Exam/CR DXA Images/CR000001.dcm,2.25.132083163398091874662674590622589534350,39d2a0c3accc62818f06bd31c87eaff0,spine,3,0,8.55,0.029838,0.01813,0.036966,0.034417,0.106177,0.106177,0.116363,0
2.25.132272637351979990811754009849547633391/series_003_3_CR/A2504141080 DXA/CR DXA/CR000002.dcm,2.25.132272637351979990811754009849547633391,2feb6e5ee2f51b8f259025343e589b76,spine,4,0,67.68,0.999464,0.998704,0.99993,0.999757,0.690589,0.690589,0.997119,1
2.25.13325817932854000792938662637654885530/series_002_2_CR/A2507365486 DXA/CR DXA/CR000000.dcm,2.25.13325817932854000792938662637654885530,4bd07dcf5c6278a1092a566480dc0e7e,spine,0,0,5.03,0.18967,0.530907,0.027047,0.011055,0.120243,0.120243,0.124105,0
2.25.134456506307367483341018281460841912845/series_002_2_CR/A2507120612 DXA/CR DXA/CR000001.dcm,2.25.134456506307367483341018281460841912845,4f6caa937d29dda1d90b047fc8580d9a,spine,0,0,7.83,0.106181,0.287862,0.027946,0.002734,0.120054,0.120054,0.123857,0
2.25.135241889065705954191821710363605596815/series_003_3_CR/A250715060 DXA/CR DXA/CR000001.dcm,2.25.135241889065705954191821710363605596815,5ac1595f057d8ed398cf6eb0793fb1d3,spine,1,0,7.69,0.048219,0.04584,0.01644,0.082377,0.109511,0.109511,0.121054,0
2.25.13566237352084812982996047541944701548/series_002_2_CR/A2504268931 DXA/CR DXA/CR000000.dcm,2.25.13566237352084812982996047541944701548,f03e113ff54e48601745b52e91db34f3,spine,3,0,3.45,0.21685,0.309992,0.198217,0.142341,0.117711,0.117711,0.116359,0
2.25.137344827330550141320158285144101816664/series_003_3_CR/A2507146630 DXA/CR DXA/CR000000.dcm,2.25.137344827330550141320158285144101816664,0111b2b5a993f93146700231f5f2371b,spine,4,0,142.68,0.999988,0.999991,0.999995,0.999978,0.96548,0.96548,0.999992,1
2.25.137675513852774974135210999345676405116/series_001_2_CR/A2504106597 DXA/CR DXA/CR000000.dcm,2.25.137675513852774974135210999345676405116,b7e443bb9c5b01c28e7b3b7894ba8ddb,spine,0,0,8.96,0.126567,0.130973,0.06342,0.185309,0.125952,0.125952,0.12879,0
2.25.13983650679559142983913935144968795415/series_003_2_CR/A2504335111 DXA/CR DXA/CR000000.dcm,2.25.13983650679559142983913935144968795415,68324f298b469510a93e56ef440dbee1,spine,1,0,7.23,0.19914,0.029837,0.36232,0.205262,0.127645,0.127645,0.123952,0
2.25.144941557565802351596730914409170713112/series_001_2_CR/A250728979 DXA/CR DXA/CR000006.dcm,2.25.144941557565802351596730914409170713112,0bc9539f473ce2e9916e9691061a2d0e,spine,1,0,4.63,0.060368,0.095606,0.030131,0.055366,0.104065,0.104065,0.112448,0
2.25.145848300160680194368420189079847088556/series_002_2_CR/A2504248615 DXA Exam/CR DXA Images/CR000002.dcm,2.25.145848300160680194368420189079847088556,7a3cc33cfae7421565dd1bb9f3531d8e,spine,2,0,6.86,0.107141,0.014167,0.246895,0.060361,0.117361,0.117361,0.108522,0
2.25.151186844055172005615813066162721550889/series_002_2_CR/A250436130 DXA/CR DXA/CR000000.dcm,2.25.151186844055172005615813066162721550889,5cdd8c50ad3698ac0a2d99cc3de49375,spine,3,0,68.48,0.00303,0.000822,0.003121,0.005147,0.323497,0.323497,0.359724,1
2.25.156021661584944120526934974594604520993/series_003_2_CR/A2507142228 DXA/CR DXA/CR000000.dcm,2.25.156021661584944120526934974594604520993,395e0f19e19e285617690238d8d7bb67,spine,2,0,10.77,0.041889,0.011561,0.021067,0.09304,0.116345,0.116345,0.101309,0
2.25.156375884487675936513403083218009333856/series_003_2_CR/A250727121 DXA/CR DXA/CR000001.dcm,2.25.156375884487675936513403083218009333856,694582d6758b351675961331547e8bf9,spine,3,1,10.77,0.079873,0.023095,0.022376,0.194149,0.124873,0.124873,0.129624,0
2.25.156389075510671877606923458507011517218/series_001_2_CR/A2507389755 DXA/CR DXA/CR000002.dcm,2.25.156389075510671877606923458507011517218,48265b021389e629621dfc4937b726a0,spine,0,0,10.43,0.002732,0.004262,0.001982,0.001953,0.086134,0.086134,0.094337,0
2.25.157462338378550185821790046400986801350/series_001_2_CR/A2507498707 DXA/CR DXA/CR000000.dcm,2.25.157462338378550185821790046400986801350,d2d1584ad2c585fb02c1f17affa33a23,spine,0,0,6.17,0.027835,0.012381,0.068255,0.002868,0.099314,0.099314,0.10609,0
2.25.158197739569377798130962967413133224194/series_002_2_CR/A2504245497 DXA/CR DXA/CR000000.dcm,2.25.158197739569377798130962967413133224194,59f502940fe9d3b2f92c5d4b497dfd02,spine,4,0,2.0,0.172735,0.384733,0.11345,0.020022,0.110303,0.110303,0.111404,0
2.25.158646777318759504110695916200521633609/series_003_6_CR/A2507266260 DXA/CR DXA/CR000001.dcm,2.25.158646777318759504110695916200521633609,7bc3f50e49328eb2407ea556be0b1859,spine,2,1,63.29,0.135727,0.009053,0.131139,0.266988,0.396703,0.396703,0.269498,1
2.25.159930383074323525630608416881201447861/series_002_2_CR/A2507139428 DXA/CR DXA/CR000000.dcm,2.25.159930383074323525630608416881201447861,f643e44e6d228f8f1f5e82967ebc2bf1,spine,2,0,8.56,0.050545,0.116698,0.003934,0.031002,0.112468,0.112468,0.100183,0
2.25.164566280810634620154538016595892212884/series_001_2_CR/A2504291878 DXA Exam/CR DXA Images/CR000001.dcm,2.25.164566280810634620154538016595892212884,9d860a606926ae2574d44f37f70f3e8d,spine,2,0,1.48,0.002219,0.003426,0.001099,0.002132,0.066934,0.066934,0.057121,0
2.25.165091430504580219034019815337441064349/series_001_2_CR/A2504415443 DXA/CR DXA/CR000002.dcm,2.25.165091430504580219034019815337441064349,6cb785da1d576e97fef20b084bf4f148,spine,2,0,5.74,0.009284,0.014301,0.011351,0.002201,0.087241,0.087241,0.075288,0
2.25.165355673991587715046346525964554729786/series_003_3_CR/A2506448267 DXA/CR DXA/CR000001.dcm,2.25.165355673991587715046346525964554729786,e30b13102976123b08d5b8781c76156f,spine,1,1,1.5,0.994848,0.989952,0.997229,0.997362,0.214062,0.214062,0.124106,0
2.25.167344201679287285499405412654740659745/series_003_2_CR/A2504249537 DXA/CR DXA/CR000002.dcm,2.25.167344201679287285499405412654740659745,fb35b294561a2726daaae4045f06db74,spine,1,0,1.3,0.006874,0.001988,0.007986,0.010647,0.075395,0.075395,0.097968,0
2.25.16773626720107440979805052259711419763/series_004_2_CR/A2507537392 DXA/CR DXA/CR000000.dcm,2.25.16773626720107440979805052259711419763,b52bc762897aa647745538b366be9993,spine,3,0,5.26,0.016995,0.006747,0.011228,0.033009,0.092013,0.092013,0.104299,0
2.25.168317503020329569414190677927680518621/series_004_2_CR/A2507557128 DXA/CR DXA/CR000003.dcm,2.25.168317503020329569414190677927680518621,47139c0cd7fdc5890265857ea9c96d51,spine,1,0,2.52,0.088166,0.141671,0.023238,0.099588,0.103076,0.103076,0.107424,0
2.25.169242707068684757906797344800977707240/series_003_2_CR/A2507185832 DXA/CR DXA/CR000000.dcm,2.25.169242707068684757906797344800977707240,61ffc2f4b16f5b4810e7cbd1b3b18e1d,spine,1,0,5.84,0.038065,0.002834,0.029258,0.082102,0.101918,0.101918,0.114773,0
2.25.172445998420765569384934552191547932566/series_004_2_CR/A2507368766 DXA/CR DXA/CR000000.dcm,2.25.172445998420765569384934552191547932566,f829791db11b8386c30aa5896d11ea6a,spine,4,1,6.43,0.347624,0.860979,0.029767,0.152126,0.135313,0.135313,0.200002,1
2.25.173731186748227489808861376513577450951/series_002_2_CR/A2507188958 DXA/CR DXA/CR000000.dcm,2.25.173731186748227489808861376513577450951,c3973ea74bccce2c4fa4a61877aa0366,spine,0,0,5.46,0.012913,0.026226,0.00825,0.004264,0.08977,0.08977,0.097704,0
2.25.173753313169335820519632380691065649420/series_003_2_CR/A2504265499 DXA/CR DXA/CR000002.dcm,2.25.173753313169335820519632380691065649420,4f25194804eb5d70ed935327f469ebd7,spine,1,0,7.14,0.006225,0.003295,0.011348,0.004031,0.086577,0.086577,0.113882,0
2.25.175881661753775295785039265792986971602/series_003_2_CR/A2507266462 DXA/CR DXA/CR000001.dcm,2.25.175881661753775295785039265792986971602,30ae45597de5e19081408f5cd47f1114,spine,3,0,2.81,0.015304,0.01512,0.008195,0.022598,0.085503,0.085503,0.097787,0
2.25.175903805423871105435148927871625232853/series_001_2_CR/A2507159447 DXA/CR DXA/CR000000.dcm,2.25.175903805423871105435148927871625232853,c89eff09b49d5f529f9da27d76e08bbb,spine,4,0,4.51,0.092079,0.218502,0.034332,0.023404,0.10884,0.10884,0.092026,0
2.25.17706555930735581384953296958427669848/series_004_3_CR/A2504146513 DXA/CR DXA/CR000001.dcm,2.25.17706555930735581384953296958427669848,5c8c4b86ad202847eb25964e876acbec,spine,4,1,6.65,0.015567,0.019644,0.014456,0.012601,0.09439,0.09439,0.044394,0
2.25.177745077805190810016231350557005569203/series_002_2_CR/A2504273759 DXA/CR DXA/CR000001.dcm,2.25.177745077805190810016231350557005569203,e3de068501ad448abce6d5dd11a6de76,spine,4,0,13.32,0.596247,0.872333,0.675641,0.240768,0.175966,0.175966,0.371979,1
2.25.178533355209696795441380751187185128893/series_003_2_CR/A2507155452 DXA/CR DXA/CR000000.dcm,2.25.178533355209696795441380751187185128893,471f020379833e38d6332999c0144621,spine,0,0,11.01,0.095296,0.098217,0.174902,0.012769,0.128116,0.128116,0.130537,0
2.25.181196659018348153828200695057897449628/series_004_2_CR/A2507370620 DXA/CR DXA/CR000002.dcm,2.25.181196659018348153828200695057897449628,2899285954fdb5105394f6fefcc064e5,spine,0,0,4.78,0.026491,0.05933,0.016833,0.003311,0.095398,0.095398,0.102697,0
2.25.184198356665635336833172191504278054074/series_004_2_CR/A250788286 DXA/CR DXA/CR000000.dcm,2.25.184198356665635336833172191504278054074,d40639d1a2f6a8c0c25a815887798e58,spine,4,0,20.52,0.05286,0.017424,0.042867,0.09829,0.150825,0.150825,0.152647,0
2.25.186201010600484120326273381077449377115/series_004_2_CR/A250777475 DXA/CR DXA/CR000007.dcm,2.25.186201010600484120326273381077449377115,40305c6c148d7d566f631922cf4a140b,spine,4,0,23.21,0.006055,0.009765,0.003838,0.004563,0.128621,0.128621,0.066842,0
2.25.190331309633057244929837507901317950031/series_001_2_CR/A250791815 DXA/CR DXA/CR000003.dcm,2.25.190331309633057244929837507901317950031,5ad3e468294ca00ed900d73d288614f7,spine,4,0,12.97,0.33096,0.499194,0.24385,0.249836,0.156844,0.156844,0.255481,1
2.25.190807933410234695931591553323782771995/series_002_3_CR/A250762254 DXA/CR DXA/CR000000.dcm,2.25.190807933410234695931591553323782771995,fb3f4f003756a01ba5f107014fad6a65,spine,0,1,67.21,0.998473,0.999732,0.995706,0.99998,0.660826,0.660826,0.553844,1
2.25.215177279960644564778148238928738915103/series_002_2_CR/A2504147013 DXA/CR DXA/CR000001.dcm,2.25.215177279960644564778148238928738915103,c89109029d0979a778c7839555aa6b8d,spine,3,0,2.5,0.041845,0.007212,0.077325,0.040998,0.094725,0.094725,0.102793,0
2.25.217397325224876728316360420804118329081/series_002_2_CR/A250474631 DXA/CR DXA/CR000002.dcm,2.25.217397325224876728316360420804118329081,2b5a095a62fbe2fb845e027c890f04d9,spine,1,0,18.18,0.11216,0.035129,0.273586,0.027765,0.154816,0.154816,0.160791,0
2.25.220866240977467582196609708837940253840/series_001_2_CR/A2504258893 DXA/CR DXA/CR000000.dcm,2.25.220866240977467582196609708837940253840,b7e2252ad8b2076657f3ff2ccdc442b1,spine,1,0,2.42,0.005154,0.002109,0.006846,0.006506,0.075195,0.075195,0.100236,0
2.25.234651502352368356456298825489565282446/series_002_2_CR/A2504307193 DXA/CR DXA/CR000002.dcm,2.25.234651502352368356456298825489565282446,0d828ffaccba4d7696697d8efa062e80,spine,1,0,3.58,0.019562,0.002773,0.049169,0.006743,0.089549,0.089549,0.106556,0
2.25.247714038039430659432048101646401574824/series_002_2_CR/A2504238024 DXA Exam/CR DXA Images/CR000002.dcm,2.25.247714038039430659432048101646401574824,f5ea23733da40e1c670bf518a072acc5,spine,4,1,174.3,0.999997,0.999995,0.999999,0.999997,0.987527,0.987527,0.999999,1
2.25.269648774413746842548908998641183395622/series_001_2_CR/A2504393664 DXA/CR DXA/CR000001.dcm,2.25.269648774413746842548908998641183395622,03877cc46390328b2bb655fe01185491,spine,0,1,137.6,0.512617,0.715235,0.402835,0.41978,0.86613,0.86613,0.7657,1
2.25.269742577365511543488820993979123763373/series_003_2_CR/A250477751 DXA/CR DXA/CR000000.dcm,2.25.269742577365511543488820993979123763373,24e862b88708d8140a6448dd25aafdfe,spine,0,0,11.12,0.096644,0.235949,0.018725,0.035257,0.128662,0.128662,0.13099,0
2.25.272690031744216183651627058502316132741/series_002_2_CR/A2504373414 DXA/CR DXA/CR000001.dcm,2.25.272690031744216183651627058502316132741,abd3fe0c0f76232178a0ffed6a8df849,spine,3,0,3.5,0.018881,0.002872,0.028735,0.025037,0.089025,0.089025,0.100604,0
2.25.276415754443998872860614500027519740375/series_002_2_CR/A2504387089 DXA/CR DXA/CR000000.dcm,2.25.276415754443998872860614500027519740375,ab23e90a8b8bb533daa55069142fc2cd,spine,2,0,1.81,0.016562,0.027093,0.013135,0.009457,0.084079,0.084079,0.07621,0
2.25.277752758923974029595977676354128739670/series_002_2_CR/A2504223752 DXA/CR DXA/CR000004.dcm,2.25.277752758923974029595977676354128739670,617979f5b2f05b673b741b687cc4a2ba,spine,2,1,93.59,0.996209,0.992373,0.996418,0.999835,0.784584,0.784584,0.665022,1
2.25.286999464611662854355201599068538813496/series_003_2_CR/A2504223477 DXA/CR DXA/CR000001.dcm,2.25.286999464611662854355201599068538813496,b68b7172d55770e02a497b19ec41d6a5,spine,1,0,6.64,0.011138,0.003135,0.002858,0.027421,0.091021,0.091021,0.113911,0
2.25.29638026465755240167985424461715024381/series_004_3_CR/A2504115579 DXA/CR DXA/CR000001.dcm,2.25.29638026465755240167985424461715024381,0fb252a1a527abd4b2675229e17b2d93,spine,4,0,4.33,0.456295,0.640688,0.218921,0.509276,0.134724,0.134724,0.217447,1
2.25.306921081709806079165809721263236241032/series_002_2_CR/A2504381177 DXA/CR DXA/CR000000.dcm,2.25.306921081709806079165809721263236241032,8bbcb48248e48630582e0d310c2acb18,spine,2,0,5.35,0.041279,0.018759,0.011021,0.094058,0.10158,0.10158,0.092148,0
2.25.307021710202910067378603383388989711646/series_004_2_CR/A2504110565 DXA/CR DXA/CR000000.dcm,2.25.307021710202910067378603383388989711646,aa3f8ca6a34fc9fa23c2d85869d981d0,spine,1,1,65.41,0.415518,0.121772,0.779467,0.345316,0.454311,0.454311,0.443589,1
2.25.309085571913348252136520206003694446566/series_002_2_CR/A2504116267 DXA/CR DXA/CR000000.dcm,2.25.309085571913348252136520206003694446566,10618bce2003449ed8b68ed0da60c2f2,spine,3,0,5.77,0.005258,0.002669,0.005333,0.007771,0.082102,0.082102,0.098866,0
2.25.314147167453134440746270747484612743945/series_002_2_CR/A2504224780 DXA/CR DXA/CR000002.dcm,2.25.314147167453134440746270747484612743945,0899ff725df9c1e6413701824a7c3a9b,spine,3,0,3.29,0.016275,0.010009,0.015532,0.023283,0.087132,0.087132,0.099263,0
2.25.322202456901330781765399791024580391565/series_002_2_CR/A2504350020 DXA/CR DXA/CR000000.dcm,2.25.322202456901330781765399791024580391565,1af6611d2182c0ab14412b1a6c19d83a,spine,4,0,13.71,0.017006,0.02488,0.017604,0.008534,0.113589,0.113589,0.066273,0
2.25.338439598607961312040815816824093323492/series_002_2_CR/A2504147124 DXA/CR DXA/CR000000.dcm,2.25.338439598607961312040815816824093323492,3f50bd4ef43d01eab26a3d8cdccf04bc,spine,2,1,55.95,0.308217,0.328441,0.210707,0.385502,0.377366,0.377366,0.272825,1
2.25.339027809107632348165171236474821772940/series_001_2_CR/A2504349642 DXA/CR DXA/CR000001.dcm,2.25.339027809107632348165171236474821772940,894b59fe181bec8fd744564eb0228f99,spine,1,0,6.11,0.024979,0.043602,0.010297,0.021039,0.098006,0.098006,0.114454,0
2.25.340839477910528898406207279980417945/series_001_2_CR/A2504224555 DXA Exam/CR DXA Images/CR000002.dcm,2.25.340839477910528898406207279980417945,61aff4567788a4001934bf5178fbaea3,spine,3,0,5.82,0.025256,0.013309,0.033413,0.029047,0.097413,0.097413,0.108081,0
2.25.37515662379281069436632838996073181551/series_001_2_CR/A2504329840 DXA/CR DXA/CR000000.dcm,2.25.37515662379281069436632838996073181551,77dd238d6b9ca23e9d926f29229ef0ac,spine,1,0,3.0,0.083234,0.033911,0.189434,0.026357,0.103627,0.103627,0.108623,0
2.25.39068163399801173920284179500049527111/series_002_2_CR/A2504195842 DXA/CR DXA/CR000002.dcm,2.25.39068163399801173920284179500049527111,6c5af4c2434dfdc2387e514b151095c8,spine,2,1,8.5,0.006839,0.005888,0.005947,0.008683,0.090521,0.090521,0.075722,0
2.25.48906424954135283790354958243772558962/series_001_2_CR/A2504185596 DXA Exam/CR DXA Images/CR000002.dcm,2.25.48906424954135283790354958243772558962,b8f79690e37ea854fa1cdd494cdac98b,spine,0,1,26.08,0.625403,0.967904,0.139018,0.769287,0.235912,0.235912,0.216009,1
2.25.52532476139575422857225834315571570912/series_001_2_CR/A2504247961 DXA/CR DXA/CR000000.dcm,2.25.52532476139575422857225834315571570912,2966a7359140445db213c02aff383cfb,spine,0,0,2.14,0.185054,0.515033,0.014111,0.026019,0.111657,0.111657,0.116882,0
2.25.52982400970721161435951723390541696819/series_001_2_CR/A2504331065 DXA/CR DXA/CR000002.dcm,2.25.52982400970721161435951723390541696819,782b48de366495e89af475211ae47d98,spine,0,0,2.38,0.007718,0.008166,0.009185,0.005803,0.078497,0.078497,0.087642,0
2.25.54396839637320114639948764487283877793/series_003_2_CR/A2504111090 DXA/CR DXA/CR000000.dcm,2.25.54396839637320114639948764487283877793,51ea879b9ed0629ec2f99769e1eb365d,spine,2,0,11.54,0.044255,0.103777,0.013407,0.01558,0.119267,0.119267,0.103437,0
2.25.59542620917302828428419211045951914336/series_001_2_CR/A2504303391 DXA/CR DXA/CR000000.dcm,2.25.59542620917302828428419211045951914336,3ec02b36a7c4c1eef877048654174e1a,spine,3,1,53.34,0.687002,0.322721,0.810608,0.927677,0.40463,0.40463,0.360524,1
2.25.65954778282254353457041255543338557112/series_004_3_CR/A2504246289 DXA/CR DXA/CR000002.dcm,2.25.65954778282254353457041255543338557112,b12d6fa60b1055e7132ea456abdbe097,spine,3,0,4.0,0.087151,0.021452,0.060342,0.179658,0.106796,0.106796,0.111211,0
2.25.66397484472966116002950503539482860450/series_001_2_CR/A2504194637 DXA/CR DXA/CR000004.dcm,2.25.66397484472966116002950503539482860450,01d0746ff8924a7906541964e24a277e,spine,0,0,11.55,0.011358,0.023978,0.004838,0.005259,0.103162,0.103162,0.109287,0
2.25.73070100851377917031356937075051545239/series_002_2_CR/A2504239110 DXA/CR DXA/CR000002.dcm,2.25.73070100851377917031356937075051545239,3df9555f540cc4251afbc1c43c16b3af,spine,2,0,7.16,0.03313,0.01154,0.037731,0.05012,0.103742,0.103742,0.09216,0
2.25.76710355977373089612172037086913478687/series_002_3_CR/A2504104830 DXA/CR DXA/CR000001.dcm,2.25.76710355977373089612172037086913478687,124b6cbbc705eda6ccf1b8dd78b89e66,spine,3,0,13.73,0.023164,0.046927,0.002151,0.020415,0.117424,0.117424,0.129473,0
2.25.78999454687125053757525542837745968726/series_004_3_CR/A2504222617 DXA/CR DXA/CR000002.dcm,2.25.78999454687125053757525542837745968726,0c388c08077cd2032abc6cb8cf4b6a15,spine,0,0,39.59,0.021203,0.047541,0.007756,0.008313,0.212552,0.212552,0.197229,1
2.25.82912555346523716720160717883917565880/series_002_2_CR/A2504149480 DXA/CR DXA/CR000001.dcm,2.25.82912555346523716720160717883917565880,c7699d6a3e81b5336011a73464708552,spine,3,0,20.48,0.034463,0.015677,0.021676,0.066037,0.144096,0.144096,0.154345,0
2.25.87718478011637131470224319788530286374/series_002_2_CR/A2504337993 DXA/CR DXA/CR000000.dcm,2.25.87718478011637131470224319788530286374,7d260c1d64465bf435888b81e3f100f4,spine,2,0,9.9,0.017245,0.011511,0.026053,0.014171,0.103519,0.103519,0.088212,0
2.25.87869906212286587478854831452123526595/series_002_2_CR/A250419699 DXA/CR DXA/CR000001.dcm,2.25.87869906212286587478854831452123526595,849e7a4cb82d4f0aee9d73bcc94b6324,spine,3,1,57.76,0.739155,0.444051,0.782712,0.990702,0.441883,0.441883,0.391787,1
2.25.91981043841368764114007975581101713077/series_003_2_CR/A250496619 DXA/CR DXA/CR000004.dcm,2.25.91981043841368764114007975581101713077,25d0bdf9189b723ba454c7f148654008,spine,1,0,4.38,0.04326,0.102859,0.018831,0.008091,0.099662,0.099662,0.110837,0
