id,study,side,rel_path,w,h,ann_flags,absent,have_all_margin_points,T_y,L_x,I_y,m_top_true,m_bottom_true,m_lat_true,top_ok,bottom_ok,lat_ok,roi_ok_true,expert_flag_xlsx,pred_violation,expert_violation
c4767336d9,2.25.314147167453134440746270747484612743945,lh,2.25.314147167453134440746270747484612743945/series_002_2_CR/A2504224780 DXA/CR DXA/CR000001.dcm,280,237,,,True,81.2,212.2,188.2,49.3,29.6,41.2,True,False,True,False,0,True,False
c0cd3ae60f,2.25.66397484472966116002950503539482860450,lh,2.25.66397484472966116002950503539482860450/series_001_2_CR/A2504194637 DXA/CR DXA/CR000000.dcm,280,235,review,,True,60.0,206.2,190.8,36.4,26.8,44.8,True,False,True,False,0,True,False
0cb6d98371,2.25.13325817932854000792938662637654885530,rh,2.25.13325817932854000792938662637654885530/series_002_2_CR/A2507365486 DXA/CR DXA/CR000005.dcm,280,233,,,True,67.7,51.5,187.3,41.1,27.7,31.2,True,False,True,False,0,True,False
389e98153a,2.25.277752758923974029595977676354128739670,lh,2.25.277752758923974029595977676354128739670/series_002_2_CR/A2504223752 DXA/CR DXA/CR000001.dcm,280,261,minor_flat,,True,60.2,197.3,178.5,36.6,50.1,50.2,True,True,True,True,1,False,True
4edf9cbca8,2.25.173753313169335820519632380691065649420,lh,2.25.173753313169335820519632380691065649420/series_003_2_CR/A2504265499 DXA/CR DXA/CR000003.dcm,280,237,minor_flat,,True,70.4,168.0,200.5,42.7,22.2,68.0,True,False,True,False,0,True,False
821ed09f41,2.25.17706555930735581384953296958427669848,rh,2.25.17706555930735581384953296958427669848/series_004_3_CR/A2504146513 DXA/CR DXA/CR000003.dcm,280,261,,,True,62.6,27.6,161.3,38.0,60.5,16.8,True,True,False,False,0,True,False
d4696363a2,2.25.175903805423871105435148927871625232853,rh,2.25.175903805423871105435148927871625232853/series_001_2_CR/A2507159447 DXA/CR DXA/CR000001.dcm,280,289,,,True,59.2,29.1,179.4,35.9,66.5,17.6,True,True,False,False,0,True,False
1867a65bc8,2.25.181196659018348153828200695057897449628,lh,2.25.181196659018348153828200695057897449628/series_004_2_CR/A2507370620 DXA/CR DXA/CR000000.dcm,280,291,,,True,78.1,253.0,198.0,47.4,56.4,16.4,True,True,False,False,0,True,False
dcead7c4a3,2.25.190331309633057244929837507901317950031,rh,2.25.190331309633057244929837507901317950031/series_001_2_CR/A250791815 DXA/CR DXA/CR000004.dcm,280,235,minor_flat,trochanter_minor,True,74.1,88.6,207.0,45.0,17.0,53.8,True,False,True,False,0,True,False
19993aafc5,2.25.116822802042655971810859435524105064465,lh,2.25.116822802042655971810859435524105064465/series_003_2_CR/A2507273296 DXA/CR DXA/CR000001.dcm,280,235,,,True,42.3,152.8,160.8,25.7,45.0,77.2,False,True,True,False,0,True,False
40d8c41153,2.25.234651502352368356456298825489565282446,lh,2.25.234651502352368356456298825489565282446/series_002_2_CR/A2504307193 DXA/CR DXA/CR000003.dcm,280,207,,,True,78.4,218.2,175.6,47.6,19.1,37.5,True,False,True,False,0,True,False
4b1e4b09dc,2.25.13325817932854000792938662637654885530,lh,2.25.13325817932854000792938662637654885530/series_002_2_CR/A2507365486 DXA/CR DXA/CR000001.dcm,280,235,,,True,57.9,245.6,181.3,35.1,32.6,20.9,True,True,True,True,1,False,True
046a5d193e,2.25.190331309633057244929837507901317950031,lh,2.25.190331309633057244929837507901317950031/series_001_2_CR/A250791815 DXA/CR DXA/CR000000.dcm,280,235,minor_flat,,True,66.1,216.3,197.2,40.1,22.9,38.7,True,False,True,False,0,True,False
c51737f67b,2.25.234651502352368356456298825489565282446,rh,2.25.234651502352368356456298825489565282446/series_002_2_CR/A2504307193 DXA/CR DXA/CR000000.dcm,280,233,,,True,78.9,51.5,193.7,47.9,23.8,31.2,True,False,True,False,0,True,False
