id,region,w,h,corr,rel_path,label,study
68415ce25e,spine,300,291,1.0,2.25.82912555346523716720160717883917565880/series_002_2_CR/A2504149480 DXA/CR DXA/CR000001.dcm,spine,2.25.82912555346523716720160717883917565880
0addc4bbb9,spine,300,291,1.0,2.25.322202456901330781765399791024580391565/series_002_2_CR/A2504350020 DXA/CR DXA/CR000000.dcm,spine,2.25.322202456901330781765399791024580391565
efff20236d,spine,300,289,1.0,2.25.123175695355749859846173904788591707879/series_001_2_CR/A250722449 DXA/CR DXA/CR000000.dcm,spine,2.25.123175695355749859846173904788591707879
a630d87779,spine,300,313,1.0,2.25.306921081709806079165809721263236241032/series_002_2_CR/A2504381177 DXA/CR DXA/CR000000.dcm,spine,2.25.306921081709806079165809721263236241032
031009b5ef,spine,300,315,1.0,2.25.175881661753775295785039265792986971602/series_003_2_CR/A2507266462 DXA/CR DXA/CR000001.dcm,spine,2.25.175881661753775295785039265792986971602
714b2b535c,spine,300,315,1.0,2.25.247714038039430659432048101646401574824/series_002_2_CR/A2504238024 DXA Exam/CR DXA Images/CR000002.dcm,spine,2.25.247714038039430659432048101646401574824
da237df3c1,spine,300,320,1.0,2.25.114887542067602662452692698814728642117/series_001_2_CR/A2504131887 DXA/CR DXA/CR000004.dcm,spine,2.25.114887542067602662452692698814728642117
35e429ff52,spine,300,317,1.0,2.25.156375884487675936513403083218009333856/series_003_2_CR/A250727121 DXA/CR DXA/CR000001.dcm,spine,2.25.156375884487675936513403083218009333856
0b469b1725,spine,300,318,1.0,2.25.12798473087614376830819854616447908612/series_002_2_CR/A2507538847 DXA/CR DXA/CR000000.dcm,spine,2.25.12798473087614376830819854616447908612
16cb207e15,spine,300,291,1.0,2.25.215177279960644564778148238928738915103/series_002_2_CR/A2504147013 DXA/CR DXA/CR000001.dcm,spine,2.25.215177279960644564778148238928738915103
f71725ffb2,spine,300,291,1.0,2.25.276415754443998872860614500027519740375/series_002_2_CR/A2504387089 DXA/CR DXA/CR000000.dcm,spine,2.25.276415754443998872860614500027519740375
ee4ada78a1,spine,300,315,1.0,2.25.269742577365511543488820993979123763373/series_003_2_CR/A250477751 DXA/CR DXA/CR000000.dcm,spine,2.25.269742577365511543488820993979123763373
3a20493c1a,spine,300,343,1.0,2.25.13069823278093578548407087310307113784/series_003_2_CR/A2507242667 DXA/CR DXA/CR000001.dcm,spine,2.25.13069823278093578548407087310307113784
3560db5887,spine,300,317,1.0,2.25.13325817932854000792938662637654885530/series_002_2_CR/A2507365486 DXA/CR DXA/CR000000.dcm,spine,2.25.13325817932854000792938662637654885530
ceb4acee52,spine,300,322,1.0,2.25.272690031744216183651627058502316132741/series_002_2_CR/A2504373414 DXA/CR DXA/CR000001.dcm,spine,2.25.272690031744216183651627058502316132741
2eceec947b,spine,300,315,1.0,2.25.186201010600484120326273381077449377115/series_004_2_CR/A250777475 DXA/CR DXA/CR000007.dcm,spine,2.25.186201010600484120326273381077449377115
74d2a53cf7,spine,300,317,1.0,2.25.220866240977467582196609708837940253840/series_001_2_CR/A2504258893 DXA/CR DXA/CR000000.dcm,spine,2.25.220866240977467582196609708837940253840
ffbdb34eb5,spine,300,289,1.0,2.25.103868781101960771917584077315578649178/series_001_3_CR/A2507485409 DXA/CR DXA/CR000002.dcm,spine,2.25.103868781101960771917584077315578649178
fbb8373cc9,spine,300,318,1.0,2.25.78999454687125053757525542837745968726/series_004_3_CR/A2504222617 DXA/CR DXA/CR000002.dcm,spine,2.25.78999454687125053757525542837745968726
81dc992bf1,spine,300,318,1.0,2.25.10245777060263212829333021434108890537/series_003_2_CR/A2504412435 DXA/CR DXA/CR000001.dcm,spine,2.25.10245777060263212829333021434108890537
0425b1db48,spine,300,315,1.0,2.25.29638026465755240167985424461715024381/series_004_3_CR/A2504115579 DXA/CR DXA/CR000001.dcm,spine,2.25.29638026465755240167985424461715024381
74d0fa4135,spine,300,318,1.0,2.25.65954778282254353457041255543338557112/series_004_3_CR/A2504246289 DXA/CR DXA/CR000002.dcm,spine,2.25.65954778282254353457041255543338557112
e63c26426b,spine,300,291,1.0,2.25.234651502352368356456298825489565282446/series_002_2_CR/A2504307193 DXA/CR DXA/CR000002.dcm,spine,2.25.234651502352368356456298825489565282446
046e23e6f5,spine,300,289,1.0,2.25.132272637351979990811754009849547633391/series_003_3_CR/A2504141080 DXA/CR DXA/CR000002.dcm,spine,2.25.132272637351979990811754009849547633391
404e2454ad,spine,300,315,1.0,2.25.11175860580562939441493697221497597640/series_003_2_CR/A2507431060 DXA/CR DXA/CR000001.dcm,spine,2.25.11175860580562939441493697221497597640
68c9b7310c,spine,300,346,1.0,2.25.135241889065705954191821710363605596815/series_003_3_CR/A250715060 DXA/CR DXA/CR000001.dcm,spine,2.25.135241889065705954191821710363605596815
8ecf0385da,spine,300,318,1.0,2.25.105033841136787477881326326053319223817/series_001_2_CR/A250790559 DXA/CR DXA/CR000000.dcm,spine,2.25.105033841136787477881326326053319223817
d78b4eef32,spine,300,289,1.0,2.25.157462338378550185821790046400986801350/series_001_2_CR/A2507498707 DXA/CR DXA/CR000000.dcm,spine,2.25.157462338378550185821790046400986801350
8b8f4ec0e7,spine,300,317,1.0,2.25.181196659018348153828200695057897449628/series_004_2_CR/A2507370620 DXA/CR DXA/CR000002.dcm,spine,2.25.181196659018348153828200695057897449628
8716a2e4f9,spine,300,287,1.0,2.25.102755089973625799055786462646268820450/series_002_2_CR/A2504257770 DXA/CR DXA/CR000001.dcm,spine,2.25.102755089973625799055786462646268820450
960a3fff0b,spine,300,317,1.0,2.25.165355673991587715046346525964554729786/series_003_3_CR/A2506448267 DXA/CR DXA/CR000001.dcm,spine,2.25.165355673991587715046346525964554729786
fbbee4d989,spine,300,285,1.0,2.25.169242707068684757906797344800977707240/series_003_2_CR/A2507185832 DXA/CR DXA/CR000000.dcm,spine,2.25.169242707068684757906797344800977707240
eb60b45765,spine,300,317,1.0,2.25.178533355209696795441380751187185128893/series_003_2_CR/A2507155452 DXA/CR DXA/CR000000.dcm,spine,2.25.178533355209696795441380751187185128893
2da83cd3b1,spine,300,289,1.0,1.2.840.113619.2.110.512719.20250403090444/series_004_3_CR/DXA/CR DXA/CR000000.dcm,spine,1.2.840.113619.2.110.512719.20250403090444
6180aac1db,spine,300,318,1.0,2.25.173753313169335820519632380691065649420/series_003_2_CR/A2504265499 DXA/CR DXA/CR000002.dcm,spine,2.25.173753313169335820519632380691065649420
9c75ed8e82,spine,300,315,1.0,2.25.102965897799404973225419898683246248872/series_001_2_CR/A250726353 DXA/CR DXA/CR000001.dcm,spine,2.25.102965897799404973225419898683246248872
b46f8856ce,spine,300,292,1.0,2.25.167344201679287285499405412654740659745/series_003_2_CR/A2504249537 DXA/CR DXA/CR000002.dcm,spine,2.25.167344201679287285499405412654740659745
ab1249cd03,spine,300,263,1.0,2.25.125521310320333648427417313254965624364/series_001_2_CR/A250444126 DXA/CR DXA/CR000000.dcm,spine,2.25.125521310320333648427417313254965624364
79cf672bcc,spine,300,285,1.0,2.25.309085571913348252136520206003694446566/series_002_2_CR/A2504116267 DXA/CR DXA/CR000000.dcm,spine,2.25.309085571913348252136520206003694446566
0b1f485f77,spine,300,317,1.0,2.25.54396839637320114639948764487283877793/series_003_2_CR/A2504111090 DXA/CR DXA/CR000000.dcm,spine,2.25.54396839637320114639948764487283877793
5373dc97e6,spine,300,291,1.0,2.25.286999464611662854355201599068538813496/series_003_2_CR/A2504223477 DXA/CR DXA/CR000001.dcm,spine,2.25.286999464611662854355201599068538813496
97443fdcf7,spine,300,317,1.0,2.25.128197189461989832465575162384360009377/series_001_2_CR/A2507216909 DXA/CR DXA/CR000000.dcm,spine,2.25.128197189461989832465575162384360009377
6716664b36,spine,300,315,1.0,2.25.314147167453134440746270747484612743945/series_002_2_CR/A2504224780 DXA/CR DXA/CR000002.dcm,spine,2.25.314147167453134440746270747484612743945
425ace01cc,spine,300,289,1.0,2.25.87718478011637131470224319788530286374/series_002_2_CR/A2504337993 DXA/CR DXA/CR000000.dcm,spine,2.25.87718478011637131470224319788530286374
e94a80bbb8,spine,300,344,1.0,2.25.151186844055172005615813066162721550889/series_002_2_CR/A250436130 DXA/CR DXA/CR000000.dcm,spine,2.25.151186844055172005615813066162721550889
46023511b4,spine,300,289,1.0,2.25.13983650679559142983913935144968795415/series_003_2_CR/A2504335111 DXA/CR DXA/CR000000.dcm,spine,2.25.13983650679559142983913935144968795415
e2776e1292,spine,300,317,1.0,2.25.269648774413746842548908998641183395622/series_001_2_CR/A2504393664 DXA/CR DXA/CR000001.dcm,spine,2.25.269648774413746842548908998641183395622
a09bca8c4b,spine,300,322,1.0,2.25.144941557565802351596730914409170713112/series_001_2_CR/A250728979 DXA/CR DXA/CR000006.dcm,spine,2.25.144941557565802351596730914409170713112
3d7450313b,spine,300,318,1.0,2.25.307021710202910067378603383388989711646/series_004_2_CR/A2504110565 DXA/CR DXA/CR000000.dcm,spine,2.25.307021710202910067378603383388989711646
ea91c3a6cd,spine,300,315,1.0,2.25.134456506307367483341018281460841912845/series_002_2_CR/A2507120612 DXA/CR DXA/CR000001.dcm,spine,2.25.134456506307367483341018281460841912845
bd16862e9d,spine,300,318,1.0,2.25.76710355977373089612172037086913478687/series_002_3_CR/A2504104830 DXA/CR DXA/CR000001.dcm,spine,2.25.76710355977373089612172037086913478687
35562d1672,spine,300,289,1.0,2.25.339027809107632348165171236474821772940/series_001_2_CR/A2504349642 DXA/CR DXA/CR000001.dcm,spine,2.25.339027809107632348165171236474821772940
c7f3549402,spine,300,291,1.0,2.25.112621744005021908434051268014787122937/series_002_2_CR/A2504301685 DXA/CR DXA/CR000000.dcm,spine,2.25.112621744005021908434051268014787122937
8b5e9b1e83,spine,300,289,1.0,2.25.108537195937431169718850276671337677972/series_002_2_CR/A250479795 DXA/CR DXA/CR000000.dcm,spine,2.25.108537195937431169718850276671337677972
a4a895b637,spine,300,317,1.0,2.25.127126130998341190348103034690069487890/series_002_2_CR/A250428736 DXA/CR DXA/CR000000.dcm,spine,2.25.127126130998341190348103034690069487890
6a206c257b,spine,300,289,1.0,2.25.159930383074323525630608416881201447861/series_002_2_CR/A2507139428 DXA/CR DXA/CR000000.dcm,spine,2.25.159930383074323525630608416881201447861
fc64f9aede,spine,300,318,1.0,2.25.66397484472966116002950503539482860450/series_001_2_CR/A2504194637 DXA/CR DXA/CR000004.dcm,spine,2.25.66397484472966116002950503539482860450
50c099c01c,spine,300,318,1.0,2.25.177745077805190810016231350557005569203/series_002_2_CR/A2504273759 DXA/CR DXA/CR000001.dcm,spine,2.25.177745077805190810016231350557005569203
90dae36177,spine,300,318,1.0,2.25.39068163399801173920284179500049527111/series_002_2_CR/A2504195842 DXA/CR DXA/CR000002.dcm,spine,2.25.39068163399801173920284179500049527111
3502dcce0b,spine,300,317,1.0,2.25.340839477910528898406207279980417945/series_001_2_CR/A2504224555 DXA Exam/CR DXA Images/CR000002.dcm,spine,2.25.340839477910528898406207279980417945
62cf6d2725,spine,300,291,1.0,2.25.158197739569377798130962967413133224194/series_002_2_CR/A2504245497 DXA/CR DXA/CR000000.dcm,spine,2.25.158197739569377798130962967413133224194
66accf1f2b,spine,300,318,1.0,2.25.217397325224876728316360420804118329081/series_002_2_CR/A250474631 DXA/CR DXA/CR000002.dcm,spine,2.25.217397325224876728316360420804118329081
0711207ede,spine,300,317,1.0,2.25.126293418391331346694592071563510265596/series_002_3_CR/A2507250865 DXA/CR DXA/CR000001.dcm,spine,2.25.126293418391331346694592071563510265596
7424948bc6,spine,300,287,1.0,2.25.164566280810634620154538016595892212884/series_001_2_CR/A2504291878 DXA Exam/CR DXA Images/CR000001.dcm,spine,2.25.164566280810634620154538016595892212884
10694bc01a,spine,300,317,1.0,2.25.52982400970721161435951723390541696819/series_001_2_CR/A2504331065 DXA/CR DXA/CR000002.dcm,spine,2.25.52982400970721161435951723390541696819
fbf0a540dd,spine,300,289,1.0,2.25.16773626720107440979805052259711419763/series_004_2_CR/A2507537392 DXA/CR DXA/CR000000.dcm,spine,2.25.16773626720107440979805052259711419763
7987fe7bcb,spine,300,287,1.0,2.25.17706555930735581384953296958427669848/series_004_3_CR/A2504146513 DXA/CR DXA/CR000001.dcm,spine,2.25.17706555930735581384953296958427669848
7470e3a667,spine,300,289,1.0,2.25.173731186748227489808861376513577450951/series_002_2_CR/A2507188958 DXA/CR DXA/CR000000.dcm,spine,2.25.173731186748227489808861376513577450951
745be44ea2,spine,300,287,1.0,2.25.158646777318759504110695916200521633609/series_003_6_CR/A2507266260 DXA/CR DXA/CR000001.dcm,spine,2.25.158646777318759504110695916200521633609
59f526b863,spine,300,317,1.0,2.25.87869906212286587478854831452123526595/series_002_2_CR/A250419699 DXA/CR DXA/CR000001.dcm,spine,2.25.87869906212286587478854831452123526595
7b25b09276,spine,300,285,1.0,2.25.277752758923974029595977676354128739670/series_002_2_CR/A2504223752 DXA/CR DXA/CR000004.dcm,spine,2.25.277752758923974029595977676354128739670
435596871e,spine,300,320,1.0,2.25.128990540359421489042453547244535073735/series_002_2_CR/A2507388698 DXA/CR DXA/CR000001.dcm,spine,2.25.128990540359421489042453547244535073735
fe8dc1a09c,spine,300,291,1.0,2.25.184198356665635336833172191504278054074/series_004_2_CR/A250788286 DXA/CR DXA/CR000000.dcm,spine,2.25.184198356665635336833172191504278054074
e4def4fe4e,spine,300,287,1.0,2.25.73070100851377917031356937075051545239/series_002_2_CR/A2504239110 DXA/CR DXA/CR000002.dcm,spine,2.25.73070100851377917031356937075051545239
01d8013f2f,spine,300,291,1.0,1.2.840.113619.2.110.512719.20250407113211/series_001_2_CR/DXA/CR DXA/CR000003.dcm,spine,1.2.840.113619.2.110.512719.20250407113211
8e74f09452,spine,300,320,1.0,2.25.13566237352084812982996047541944701548/series_002_2_CR/A2504268931 DXA/CR DXA/CR000000.dcm,spine,2.25.13566237352084812982996047541944701548
1a18323a02,spine,300,318,1.0,2.25.116822802042655971810859435524105064465/series_003_2_CR/A2507273296 DXA/CR DXA/CR000002.dcm,spine,2.25.116822802042655971810859435524105064465
66be15cbc2,spine,300,289,1.0,2.25.145848300160680194368420189079847088556/series_002_2_CR/A2504248615 DXA Exam/CR DXA Images/CR000002.dcm,spine,2.25.145848300160680194368420189079847088556
1e4f2e35ab,spine,300,287,1.0,2.25.165091430504580219034019815337441064349/series_001_2_CR/A2504415443 DXA/CR DXA/CR000002.dcm,spine,2.25.165091430504580219034019815337441064349
1500195a06,spine,300,318,1.0,2.25.48906424954135283790354958243772558962/series_001_2_CR/A2504185596 DXA Exam/CR DXA Images/CR000002.dcm,spine,2.25.48906424954135283790354958243772558962
c8436a7ae9,spine,300,318,1.0,2.25.122446767306607067205618235949445789306/series_001_2_CR/A2504255080 DXA/CR DXA/CR000002.dcm,spine,2.25.122446767306607067205618235949445789306
003bdbca33,spine,300,315,1.0,2.25.59542620917302828428419211045951914336/series_001_2_CR/A2504303391 DXA/CR DXA/CR000000.dcm,spine,2.25.59542620917302828428419211045951914336
511282fa4c,spine,300,291,1.0,2.25.37515662379281069436632838996073181551/series_001_2_CR/A2504329840 DXA/CR DXA/CR000000.dcm,spine,2.25.37515662379281069436632838996073181551
8cc1083778,spine,300,317,1.0,2.25.137344827330550141320158285144101816664/series_003_3_CR/A2507146630 DXA/CR DXA/CR000000.dcm,spine,2.25.137344827330550141320158285144101816664
bf49796cc4,spine,300,315,1.0,2.25.156021661584944120526934974594604520993/series_003_2_CR/A2507142228 DXA/CR DXA/CR000000.dcm,spine,2.25.156021661584944120526934974594604520993
99665cf10f,spine,300,317,1.0,2.25.338439598607961312040815816824093323492/series_002_2_CR/A2504147124 DXA/CR DXA/CR000000.dcm,spine,2.25.338439598607961312040815816824093323492
ac80f5f483,spine,300,259,1.0,2.25.168317503020329569414190677927680518621/series_004_2_CR/A2507557128 DXA/CR DXA/CR000003.dcm,spine,2.25.168317503020329569414190677927680518621
b9203d1693,spine,300,318,1.0,1.2.840.113619.2.110.512719.20250403092052/series_003_3_CR/DXA/CR DXA/CR000001.dcm,spine,1.2.840.113619.2.110.512719.20250403092052
89ffcef03c,spine,300,315,1.0,2.25.52532476139575422857225834315571570912/series_001_2_CR/A2504247961 DXA/CR DXA/CR000000.dcm,spine,2.25.52532476139575422857225834315571570912
af9102677c,spine,300,317,1.0,2.25.137675513852774974135210999345676405116/series_001_2_CR/A2504106597 DXA/CR DXA/CR000000.dcm,spine,2.25.137675513852774974135210999345676405116
cd65220722,spine,300,289,1.0,2.25.124890633326693921702195356152595253940/series_002_2_CR/A2504263153 DXA/CR DXA/CR000000.dcm,spine,2.25.124890633326693921702195356152595253940
c1a30f41c9,spine,300,318,1.0,2.25.91981043841368764114007975581101713077/series_003_2_CR/A250496619 DXA/CR DXA/CR000004.dcm,spine,2.25.91981043841368764114007975581101713077
4bf7666cc8,spine,300,313,1.0,2.25.128630285053087246379265602913470285158/series_003_2_CR/A2504394821 DXA/CR DXA/CR000000.dcm,spine,2.25.128630285053087246379265602913470285158
1de8c54ba8,spine,300,315,1.0,2.25.175903805423871105435148927871625232853/series_001_2_CR/A2507159447 DXA/CR DXA/CR000000.dcm,spine,2.25.175903805423871105435148927871625232853
d82ea61b5a,spine,300,318,1.0,2.25.190331309633057244929837507901317950031/series_001_2_CR/A250791815 DXA/CR DXA/CR000003.dcm,spine,2.25.190331309633057244929837507901317950031
a09a9bc1b5,spine,300,317,1.0,2.25.190807933410234695931591553323782771995/series_002_3_CR/A250762254 DXA/CR DXA/CR000000.dcm,spine,2.25.190807933410234695931591553323782771995
9edc9bfbf5,spine,300,289,1.0,2.25.156389075510671877606923458507011517218/series_001_2_CR/A2507389755 DXA/CR DXA/CR000002.dcm,spine,2.25.156389075510671877606923458507011517218
69f5c2381b,spine,300,315,1.0,2.25.172445998420765569384934552191547932566/series_004_2_CR/A2507368766 DXA/CR DXA/CR000000.dcm,spine,2.25.172445998420765569384934552191547932566
245452bc4e,spine,300,320,1.0,2.25.132083163398091874662674590622589534350/series_003_2_CR/A2507386583 DXA Exam/CR DXA Images/CR000001.dcm,spine,2.25.132083163398091874662674590622589534350
5b09f1ee9f,hip,280,265,1.0,2.25.286999464611662854355201599068538813496/series_003_2_CR/A2504223477 DXA/CR DXA/CR000000.dcm,rh,2.25.286999464611662854355201599068538813496
c4767336d9,hip,280,237,1.0,2.25.314147167453134440746270747484612743945/series_002_2_CR/A2504224780 DXA/CR DXA/CR000001.dcm,lh,2.25.314147167453134440746270747484612743945
c582761b44,hip,280,346,1.0,2.25.145848300160680194368420189079847088556/series_002_2_CR/A2504248615 DXA Exam/CR DXA Images/CR000000.dcm,rh,2.25.145848300160680194368420189079847088556
230290182b,hip,280,235,1.0,2.25.157462338378550185821790046400986801350/series_001_2_CR/A2507498707 DXA/CR DXA/CR000001.dcm,rh,2.25.157462338378550185821790046400986801350
b54701fa08,hip,280,233,1.0,2.25.177745077805190810016231350557005569203/series_002_2_CR/A2504273759 DXA/CR DXA/CR000000.dcm,lh,2.25.177745077805190810016231350557005569203
14b3c6d5f0,hip,280,289,1.0,2.25.13983650679559142983913935144968795415/series_003_2_CR/A2504335111 DXA/CR DXA/CR000001.dcm,rh,2.25.13983650679559142983913935144968795415
2539404986,hip,280,261,1.0,2.25.156021661584944120526934974594604520993/series_003_2_CR/A2507142228 DXA/CR DXA/CR000001.dcm,lh,2.25.156021661584944120526934974594604520993
4aaa3dcaa7,hip,280,289,1.0,2.25.52982400970721161435951723390541696819/series_001_2_CR/A2504331065 DXA/CR DXA/CR000001.dcm,lh,2.25.52982400970721161435951723390541696819
251e22f030,hip,280,322,1.0,2.25.103868781101960771917584077315578649178/series_001_3_CR/A2507485409 DXA/CR DXA/CR000000.dcm,lh,2.25.103868781101960771917584077315578649178
55a2726d4b,hip,280,263,1.0,2.25.137344827330550141320158285144101816664/series_003_3_CR/A2507146630 DXA/CR DXA/CR000001.dcm,lh,2.25.137344827330550141320158285144101816664
fe44118026,hip,280,263,1.0,2.25.173731186748227489808861376513577450951/series_002_2_CR/A2507188958 DXA/CR DXA/CR000001.dcm,lh,2.25.173731186748227489808861376513577450951
41a2f33240,hip,280,261,1.0,2.25.124890633326693921702195356152595253940/series_002_2_CR/A2504263153 DXA/CR DXA/CR000001.dcm,lh,2.25.124890633326693921702195356152595253940
02ed4b63e0,hip,280,291,1.0,2.25.126293418391331346694592071563510265596/series_002_3_CR/A2507250865 DXA/CR DXA/CR000000.dcm,rh,2.25.126293418391331346694592071563510265596
7d0a1ff508,hip,280,263,1.0,2.25.167344201679287285499405412654740659745/series_003_2_CR/A2504249537 DXA/CR DXA/CR000001.dcm,lh,2.25.167344201679287285499405412654740659745
1157fa7e80,hip,280,346,1.0,2.25.132083163398091874662674590622589534350/series_003_2_CR/A2507386583 DXA Exam/CR DXA Images/CR000002.dcm,rh,2.25.132083163398091874662674590622589534350
0c4a5f3787,hip,280,261,1.0,2.25.186201010600484120326273381077449377115/series_004_2_CR/A250777475 DXA/CR DXA/CR000002.dcm,rh,2.25.186201010600484120326273381077449377115
8d53f855ab,hip,280,263,1.0,2.25.217397325224876728316360420804118329081/series_002_2_CR/A250474631 DXA/CR DXA/CR000000.dcm,lh,2.25.217397325224876728316360420804118329081
df9e45dbd1,hip,280,289,1.0,2.25.158646777318759504110695916200521633609/series_003_6_CR/A2507266260 DXA/CR DXA/CR000003.dcm,lh,2.25.158646777318759504110695916200521633609
c0cd3ae60f,hip,280,235,1.0,2.25.66397484472966116002950503539482860450/series_001_2_CR/A2504194637 DXA/CR DXA/CR000000.dcm,lh,2.25.66397484472966116002950503539482860450
a6e8a5010e,hip,280,289,1.0,2.25.13983650679559142983913935144968795415/series_003_2_CR/A2504335111 DXA/CR DXA/CR000002.dcm,lh,2.25.13983650679559142983913935144968795415
295a045487,hip,280,265,1.0,2.25.181196659018348153828200695057897449628/series_004_2_CR/A2507370620 DXA/CR DXA/CR000001.dcm,rh,2.25.181196659018348153828200695057897449628
12ae058be2,hip,280,292,1.0,2.25.276415754443998872860614500027519740375/series_002_2_CR/A2504387089 DXA/CR DXA/CR000002.dcm,rh,2.25.276415754443998872860614500027519740375
aca8b9b381,hip,280,320,1.0,2.25.272690031744216183651627058502316132741/series_002_2_CR/A2504373414 DXA/CR DXA/CR000002.dcm,lh,2.25.272690031744216183651627058502316132741
dfcb289c5e,hip,280,344,1.0,2.25.145848300160680194368420189079847088556/series_002_2_CR/A2504248615 DXA Exam/CR DXA Images/CR000001.dcm,lh,2.25.145848300160680194368420189079847088556
a0acf70141,hip,280,318,1.0,2.25.66397484472966116002950503539482860450/series_001_2_CR/A2504194637 DXA/CR DXA/CR000003.dcm,rh,2.25.66397484472966116002950503539482860450
da32dc256d,hip,280,289,1.0,2.25.168317503020329569414190677927680518621/series_004_2_CR/A2507557128 DXA/CR DXA/CR000004.dcm,rh,2.25.168317503020329569414190677927680518621
f7dbae1fd6,hip,280,261,1.0,2.25.168317503020329569414190677927680518621/series_004_2_CR/A2507557128 DXA/CR DXA/CR000000.dcm,lh,2.25.168317503020329569414190677927680518621
d1bd63dca5,hip,280,263,1.0,2.25.102965897799404973225419898683246248872/series_001_2_CR/A250726353 DXA/CR DXA/CR000002.dcm,rh,2.25.102965897799404973225419898683246248872
0cb6d98371,hip,280,233,1.0,2.25.13325817932854000792938662637654885530/series_002_2_CR/A2507365486 DXA/CR DXA/CR000005.dcm,rh,2.25.13325817932854000792938662637654885530
389e98153a,hip,280,261,1.0,2.25.277752758923974029595977676354128739670/series_002_2_CR/A2504223752 DXA/CR DXA/CR000001.dcm,lh,2.25.277752758923974029595977676354128739670
d8ff6636a7,hip,280,235,1.0,2.25.39068163399801173920284179500049527111/series_002_2_CR/A2504195842 DXA/CR DXA/CR000001.dcm,lh,2.25.39068163399801173920284179500049527111
49bccfb646,hip,280,263,1.0,1.2.840.113619.2.110.512719.20250407113211/series_001_2_CR/DXA/CR DXA/CR000000.dcm,lh,1.2.840.113619.2.110.512719.20250407113211
de2e5b63a0,hip,280,317,1.0,2.25.172445998420765569384934552191547932566/series_004_2_CR/A2507368766 DXA/CR DXA/CR000002.dcm,lh,2.25.172445998420765569384934552191547932566
8057421b41,hip,280,320,1.0,2.25.114887542067602662452692698814728642117/series_001_2_CR/A2504131887 DXA/CR DXA/CR000001.dcm,lh,2.25.114887542067602662452692698814728642117
482a7b0228,hip,280,235,1.0,2.25.122446767306607067205618235949445789306/series_001_2_CR/A2504255080 DXA/CR DXA/CR000001.dcm,lh,2.25.122446767306607067205618235949445789306
e5a79399d2,hip,280,235,1.0,2.25.102755089973625799055786462646268820450/series_002_2_CR/A2504257770 DXA/CR DXA/CR000000.dcm,lh,2.25.102755089973625799055786462646268820450
f734ba5e77,hip,280,265,1.0,2.25.29638026465755240167985424461715024381/series_004_3_CR/A2504115579 DXA/CR DXA/CR000003.dcm,lh,2.25.29638026465755240167985424461715024381
9eb0d6cd99,hip,280,235,1.0,2.25.217397325224876728316360420804118329081/series_002_2_CR/A250474631 DXA/CR DXA/CR000001.dcm,rh,2.25.217397325224876728316360420804118329081
39b2650275,hip,280,265,1.0,2.25.286999464611662854355201599068538813496/series_003_2_CR/A2504223477 DXA/CR DXA/CR000002.dcm,lh,2.25.286999464611662854355201599068538813496
a8cc02eb76,hip,280,265,1.0,2.25.78999454687125053757525542837745968726/series_004_3_CR/A2504222617 DXA/CR DXA/CR000001.dcm,rh,2.25.78999454687125053757525542837745968726
d06a488355,hip,280,180,1.0,2.25.13069823278093578548407087310307113784/series_003_2_CR/A2507242667 DXA/CR DXA/CR000002.dcm,rh,2.25.13069823278093578548407087310307113784
f8db2dfd57,hip,280,320,1.0,2.25.184198356665635336833172191504278054074/series_004_2_CR/A250788286 DXA/CR DXA/CR000001.dcm,lh,2.25.184198356665635336833172191504278054074
4edf9cbca8,hip,280,237,1.0,2.25.173753313169335820519632380691065649420/series_003_2_CR/A2504265499 DXA/CR DXA/CR000003.dcm,lh,2.25.173753313169335820519632380691065649420
ac3b87f28c,hip,280,261,1.0,2.25.132272637351979990811754009849547633391/series_003_3_CR/A2504141080 DXA/CR DXA/CR000001.dcm,rh,2.25.132272637351979990811754009849547633391
821ed09f41,hip,280,261,1.0,2.25.17706555930735581384953296958427669848/series_004_3_CR/A2504146513 DXA/CR DXA/CR000003.dcm,rh,2.25.17706555930735581384953296958427669848
6fb1216fbe,hip,280,235,1.0,2.25.39068163399801173920284179500049527111/series_002_2_CR/A2504195842 DXA/CR DXA/CR000000.dcm,rh,2.25.39068163399801173920284179500049527111
26d768d528,hip,280,291,1.0,2.25.65954778282254353457041255543338557112/series_004_3_CR/A2504246289 DXA/CR DXA/CR000001.dcm,lh,2.25.65954778282254353457041255543338557112
35834ef05c,hip,280,289,1.0,2.25.124890633326693921702195356152595253940/series_002_2_CR/A2504263153 DXA/CR DXA/CR000002.dcm,rh,2.25.124890633326693921702195356152595253940
93c92254c8,hip,280,265,1.0,1.2.840.113619.2.110.512719.20250407113211/series_001_2_CR/DXA/CR DXA/CR000001.dcm,rh,1.2.840.113619.2.110.512719.20250407113211
c63fb582c1,hip,280,320,1.0,2.25.103868781101960771917584077315578649178/series_001_3_CR/A2507485409 DXA/CR DXA/CR000001.dcm,rh,2.25.103868781101960771917584077315578649178
3e6578bc68,hip,248,405,1.0,2.25.12798473087614376830819854616447908612/series_002_2_CR/A2507538847 DXA/CR DXA/CR000002.dcm,rh,2.25.12798473087614376830819854616447908612
48150102ce,hip,280,263,1.0,2.25.269648774413746842548908998641183395622/series_001_2_CR/A2504393664 DXA/CR DXA/CR000000.dcm,rh,2.25.269648774413746842548908998641183395622
d4696363a2,hip,280,289,1.0,2.25.175903805423871105435148927871625232853/series_001_2_CR/A2507159447 DXA/CR DXA/CR000001.dcm,rh,2.25.175903805423871105435148927871625232853
dfad36da1c,hip,280,346,1.0,2.25.48906424954135283790354958243772558962/series_001_2_CR/A2504185596 DXA Exam/CR DXA Images/CR000000.dcm,rh,2.25.48906424954135283790354958243772558962
eed4a8525e,hip,280,261,1.0,2.25.165091430504580219034019815337441064349/series_001_2_CR/A2504415443 DXA/CR DXA/CR000001.dcm,lh,2.25.165091430504580219034019815337441064349
20447b65f3,hip,280,209,1.0,2.25.126293418391331346694592071563510265596/series_002_3_CR/A2507250865 DXA/CR DXA/CR000002.dcm,lh,2.25.126293418391331346694592071563510265596
90f36a4a45,hip,280,344,1.0,2.25.247714038039430659432048101646401574824/series_002_2_CR/A2504238024 DXA Exam/CR DXA Images/CR000001.dcm,rh,2.25.247714038039430659432048101646401574824
d589956993,hip,280,289,1.0,2.25.309085571913348252136520206003694446566/series_002_2_CR/A2504116267 DXA/CR DXA/CR000002.dcm,rh,2.25.309085571913348252136520206003694446566
1867a65bc8,hip,280,291,1.0,2.25.181196659018348153828200695057897449628/series_004_2_CR/A2507370620 DXA/CR DXA/CR000000.dcm,lh,2.25.181196659018348153828200695057897449628
2fbaffc1f0,hip,280,315,1.0,2.25.127126130998341190348103034690069487890/series_002_2_CR/A250428736 DXA/CR DXA/CR000001.dcm,lh,2.25.127126130998341190348103034690069487890
e16b149b28,hip,280,265,1.0,2.25.76710355977373089612172037086913478687/series_002_3_CR/A2504104830 DXA/CR DXA/CR000000.dcm,rh,2.25.76710355977373089612172037086913478687
5db3d3a169,hip,280,291,1.0,2.25.87869906212286587478854831452123526595/series_002_2_CR/A250419699 DXA/CR DXA/CR000002.dcm,rh,2.25.87869906212286587478854831452123526595
7ee1157686,hip,280,292,1.0,2.25.276415754443998872860614500027519740375/series_002_2_CR/A2504387089 DXA/CR DXA/CR000003.dcm,lh,2.25.276415754443998872860614500027519740375
8f4f8bb1d3,hip,280,235,1.0,2.25.157462338378550185821790046400986801350/series_001_2_CR/A2507498707 DXA/CR DXA/CR000003.dcm,lh,2.25.157462338378550185821790046400986801350
9ae0c26452,hip,280,292,1.0,2.25.91981043841368764114007975581101713077/series_003_2_CR/A250496619 DXA/CR DXA/CR000000.dcm,lh,2.25.91981043841368764114007975581101713077
f3c44458b9,hip,280,263,1.0,1.2.840.113619.2.110.512719.20250403092052/series_003_3_CR/DXA/CR DXA/CR000002.dcm,lh,1.2.840.113619.2.110.512719.20250403092052
a5c6daf823,hip,280,206,1.0,2.25.127126130998341190348103034690069487890/series_002_2_CR/A250428736 DXA/CR DXA/CR000003.dcm,rh,2.25.127126130998341190348103034690069487890
3756b7ed05,hip,280,261,1.0,2.25.132272637351979990811754009849547633391/series_003_3_CR/A2504141080 DXA/CR DXA/CR000000.dcm,lh,2.25.132272637351979990811754009849547633391
a11579e3e4,hip,280,346,1.0,2.25.340839477910528898406207279980417945/series_001_2_CR/A2504224555 DXA Exam/CR DXA Images/CR000000.dcm,lh,2.25.340839477910528898406207279980417945
c3141690fb,hip,280,291,1.0,2.25.156375884487675936513403083218009333856/series_003_2_CR/A250727121 DXA/CR DXA/CR000004.dcm,rh,2.25.156375884487675936513403083218009333856
1d0d05e61b,hip,280,263,1.0,1.2.840.113619.2.110.512719.20250403090444/series_004_3_CR/DXA/CR DXA/CR000002.dcm,lh,1.2.840.113619.2.110.512719.20250403090444
345b356eba,hip,280,320,1.0,2.25.215177279960644564778148238928738915103/series_002_2_CR/A2504147013 DXA/CR DXA/CR000000.dcm,lh,2.25.215177279960644564778148238928738915103
8e0c8197b5,hip,280,261,1.0,2.25.16773626720107440979805052259711419763/series_004_2_CR/A2507537392 DXA/CR DXA/CR000001.dcm,rh,2.25.16773626720107440979805052259711419763
f6d08d228f,hip,280,261,1.0,2.25.17706555930735581384953296958427669848/series_004_3_CR/A2504146513 DXA/CR DXA/CR000000.dcm,lh,2.25.17706555930735581384953296958427669848
6503ac0bfd,hip,280,317,1.0,2.25.339027809107632348165171236474821772940/series_001_2_CR/A2504349642 DXA/CR DXA/CR000002.dcm,lh,2.25.339027809107632348165171236474821772940
9b1362e96b,hip,280,233,1.0,2.25.177745077805190810016231350557005569203/series_002_2_CR/A2504273759 DXA/CR DXA/CR000004.dcm,rh,2.25.177745077805190810016231350557005569203
191151fc0a,hip,280,344,1.0,2.25.48906424954135283790354958243772558962/series_001_2_CR/A2504185596 DXA Exam/CR DXA Images/CR000001.dcm,lh,2.25.48906424954135283790354958243772558962
8b7ddbb65f,hip,280,235,1.0,2.25.165091430504580219034019815337441064349/series_001_2_CR/A2504415443 DXA/CR DXA/CR000000.dcm,rh,2.25.165091430504580219034019815337441064349
0cee7cb120,hip,280,318,1.0,2.25.184198356665635336833172191504278054074/series_004_2_CR/A250788286 DXA/CR DXA/CR000002.dcm,rh,2.25.184198356665635336833172191504278054074
1eb6b7ff41,hip,280,268,1.0,2.25.144941557565802351596730914409170713112/series_001_2_CR/A250728979 DXA/CR DXA/CR000000.dcm,lh,2.25.144941557565802351596730914409170713112
e53a207591,hip,280,292,1.0,2.25.156389075510671877606923458507011517218/series_001_2_CR/A2507389755 DXA/CR DXA/CR000000.dcm,rh,2.25.156389075510671877606923458507011517218
b38be6ce6a,hip,280,263,1.0,2.25.37515662379281069436632838996073181551/series_001_2_CR/A2504329840 DXA/CR DXA/CR000002.dcm,rh,2.25.37515662379281069436632838996073181551
ae29615567,hip,280,346,1.0,2.25.164566280810634620154538016595892212884/series_001_2_CR/A2504291878 DXA Exam/CR DXA Images/CR000002.dcm,lh,2.25.164566280810634620154538016595892212884
6efd32a9bb,hip,280,349,1.0,2.25.272690031744216183651627058502316132741/series_002_2_CR/A2504373414 DXA/CR DXA/CR000000.dcm,rh,2.25.272690031744216183651627058502316132741
d7c5b153ed,hip,280,265,1.0,2.25.78999454687125053757525542837745968726/series_004_3_CR/A2504222617 DXA/CR DXA/CR000000.dcm,lh,2.25.78999454687125053757525542837745968726
e7b81263aa,hip,280,292,1.0,2.25.87869906212286587478854831452123526595/series_002_2_CR/A250419699 DXA/CR DXA/CR000000.dcm,lh,2.25.87869906212286587478854831452123526595
7b5f3b4920,hip,280,265,1.0,2.25.29638026465755240167985424461715024381/series_004_3_CR/A2504115579 DXA/CR DXA/CR000000.dcm,rh,2.25.29638026465755240167985424461715024381
f8b4a5c6ca,hip,280,346,1.0,2.25.247714038039430659432048101646401574824/series_002_2_CR/A2504238024 DXA Exam/CR DXA Images/CR000000.dcm,lh,2.25.247714038039430659432048101646401574824
38154f0445,hip,280,233,1.0,2.25.73070100851377917031356937075051545239/series_002_2_CR/A2504239110 DXA/CR DXA/CR000000.dcm,lh,2.25.73070100851377917031356937075051545239
6f08085425,hip,248,401,1.0,2.25.12798473087614376830819854616447908612/series_002_2_CR/A2507538847 DXA/CR DXA/CR000001.dcm,lh,2.25.12798473087614376830819854616447908612
51bfb06d8e,hip,280,320,1.0,2.25.129239680100193368599713239115902740628/series_003_3_CR/A250757345 DXA/CR DXA/CR000000.dcm,lh,2.25.129239680100193368599713239115902740628
685118a669,hip,280,289,1.0,2.25.151186844055172005615813066162721550889/series_002_2_CR/A250436130 DXA/CR DXA/CR000001.dcm,lh,2.25.151186844055172005615813066162721550889
7d17dc4688,hip,280,266,1.0,2.25.128990540359421489042453547244535073735/series_002_2_CR/A2507388698 DXA/CR DXA/CR000000.dcm,lh,2.25.128990540359421489042453547244535073735
dcead7c4a3,hip,280,235,1.0,2.25.190331309633057244929837507901317950031/series_001_2_CR/A250791815 DXA/CR DXA/CR000004.dcm,rh,2.25.190331309633057244929837507901317950031
dd8a27e24b,hip,280,235,1.0,1.2.840.113619.2.110.512719.20250403092052/series_003_3_CR/DXA/CR DXA/CR000000.dcm,rh,1.2.840.113619.2.110.512719.20250403092052
19993aafc5,hip,280,235,1.0,2.25.116822802042655971810859435524105064465/series_003_2_CR/A2507273296 DXA/CR DXA/CR000001.dcm,lh,2.25.116822802042655971810859435524105064465
6b9a4c3aa5,hip,280,235,1.0,1.2.840.113619.2.110.512719.20250403090444/series_004_3_CR/DXA/CR DXA/CR000001.dcm,rh,1.2.840.113619.2.110.512719.20250403090444
7212f5e774,hip,280,291,1.0,2.25.156375884487675936513403083218009333856/series_003_2_CR/A250727121 DXA/CR DXA/CR000000.dcm,lh,2.25.156375884487675936513403083218009333856
7c6f87fbe9,hip,280,292,1.0,2.25.76710355977373089612172037086913478687/series_002_3_CR/A2504104830 DXA/CR DXA/CR000002.dcm,lh,2.25.76710355977373089612172037086913478687
5401d38d93,hip,280,318,1.0,2.25.339027809107632348165171236474821772940/series_001_2_CR/A2504349642 DXA/CR DXA/CR000000.dcm,rh,2.25.339027809107632348165171236474821772940
c8a127d42a,hip,280,292,1.0,2.25.134456506307367483341018281460841912845/series_002_2_CR/A2507120612 DXA/CR DXA/CR000000.dcm,lh,2.25.134456506307367483341018281460841912845
57ab2f04d2,hip,280,292,1.0,2.25.10245777060263212829333021434108890537/series_003_2_CR/A2504412435 DXA/CR DXA/CR000002.dcm,lh,2.25.10245777060263212829333021434108890537
64b7278fbe,hip,280,289,1.0,2.25.52982400970721161435951723390541696819/series_001_2_CR/A2504331065 DXA/CR DXA/CR000000.dcm,rh,2.25.52982400970721161435951723390541696819
4acb53fc8a,hip,280,235,1.0,2.25.137344827330550141320158285144101816664/series_003_3_CR/A2507146630 DXA/CR DXA/CR000002.dcm,rh,2.25.137344827330550141320158285144101816664
4b1248cc7d,hip,280,292,1.0,2.25.190807933410234695931591553323782771995/series_002_3_CR/A250762254 DXA/CR DXA/CR000001.dcm,lh,2.25.190807933410234695931591553323782771995
bbe9fe2389,hip,280,289,1.0,2.25.175903805423871105435148927871625232853/series_001_2_CR/A2507159447 DXA/CR DXA/CR000002.dcm,lh,2.25.175903805423871105435148927871625232853
060c544b7b,hip,280,265,1.0,2.25.167344201679287285499405412654740659745/series_003_2_CR/A2504249537 DXA/CR DXA/CR000000.dcm,rh,2.25.167344201679287285499405412654740659745
40d8c41153,hip,280,207,1.0,2.25.234651502352368356456298825489565282446/series_002_2_CR/A2504307193 DXA/CR DXA/CR000003.dcm,lh,2.25.234651502352368356456298825489565282446
e456b30d7d,hip,280,235,1.0,2.25.116822802042655971810859435524105064465/series_003_2_CR/A2507273296 DXA/CR DXA/CR000000.dcm,rh,2.25.116822802042655971810859435524105064465
da56a6c673,hip,280,292,1.0,2.25.156389075510671877606923458507011517218/series_001_2_CR/A2507389755 DXA/CR DXA/CR000001.dcm,lh,2.25.156389075510671877606923458507011517218
97ed43db92,hip,280,320,1.0,2.25.114887542067602662452692698814728642117/series_001_2_CR/A2504131887 DXA/CR DXA/CR000000.dcm,rh,2.25.114887542067602662452692698814728642117
8aa1ced6bf,hip,280,265,1.0,2.25.82912555346523716720160717883917565880/series_002_2_CR/A2504149480 DXA/CR DXA/CR000002.dcm,rh,2.25.82912555346523716720160717883917565880
21310593d9,hip,280,206,1.0,2.25.13069823278093578548407087310307113784/series_003_2_CR/A2507242667 DXA/CR DXA/CR000000.dcm,lh,2.25.13069823278093578548407087310307113784
64255669a9,hip,280,233,1.0,2.25.175881661753775295785039265792986971602/series_003_2_CR/A2507266462 DXA/CR DXA/CR000002.dcm,lh,2.25.175881661753775295785039265792986971602
39bb0dbdbb,hip,280,207,1.0,2.25.122446767306607067205618235949445789306/series_001_2_CR/A2504255080 DXA/CR DXA/CR000000.dcm,rh,2.25.122446767306607067205618235949445789306
3c5f5a6143,hip,280,237,1.0,2.25.105033841136787477881326326053319223817/series_001_2_CR/A250790559 DXA/CR DXA/CR000003.dcm,rh,2.25.105033841136787477881326326053319223817
6f384897cd,hip,280,291,1.0,2.25.10245777060263212829333021434108890537/series_003_2_CR/A2504412435 DXA/CR DXA/CR000000.dcm,rh,2.25.10245777060263212829333021434108890537
7328bfb120,hip,280,291,1.0,2.25.158646777318759504110695916200521633609/series_003_6_CR/A2507266260 DXA/CR DXA/CR000000.dcm,rh,2.25.158646777318759504110695916200521633609
1625a18b39,hip,280,261,1.0,2.25.156021661584944120526934974594604520993/series_003_2_CR/A2507142228 DXA/CR DXA/CR000003.dcm,rh,2.25.156021661584944120526934974594604520993
4853435e1d,hip,280,263,1.0,2.25.135241889065705954191821710363605596815/series_003_3_CR/A250715060 DXA/CR DXA/CR000000.dcm,lh,2.25.135241889065705954191821710363605596815
9ac543c8ce,hip,280,235,1.0,2.25.102965897799404973225419898683246248872/series_001_2_CR/A250726353 DXA/CR DXA/CR000000.dcm,lh,2.25.102965897799404973225419898683246248872
132002de76,hip,280,261,1.0,2.25.16773626720107440979805052259711419763/series_004_2_CR/A2507537392 DXA/CR DXA/CR000004.dcm,lh,2.25.16773626720107440979805052259711419763
fd5b1fd7ff,hip,280,261,1.0,2.25.277752758923974029595977676354128739670/series_002_2_CR/A2504223752 DXA/CR DXA/CR000000.dcm,rh,2.25.277752758923974029595977676354128739670
6d372f8000,hip,280,346,1.0,2.25.132083163398091874662674590622589534350/series_003_2_CR/A2507386583 DXA Exam/CR DXA Images/CR000000.dcm,lh,2.25.132083163398091874662674590622589534350
9c325a0582,hip,280,291,1.0,2.25.65954778282254353457041255543338557112/series_004_3_CR/A2504246289 DXA/CR DXA/CR000000.dcm,rh,2.25.65954778282254353457041255543338557112
4b1e4b09dc,hip,280,235,1.0,2.25.13325817932854000792938662637654885530/series_002_2_CR/A2507365486 DXA/CR DXA/CR000001.dcm,lh,2.25.13325817932854000792938662637654885530
a9c4714c26,hip,280,261,1.0,2.25.269648774413746842548908998641183395622/series_001_2_CR/A2504393664 DXA/CR DXA/CR000002.dcm,lh,2.25.269648774413746842548908998641183395622
982ab95229,hip,280,292,1.0,2.25.215177279960644564778148238928738915103/series_002_2_CR/A2504147013 DXA/CR DXA/CR000002.dcm,rh,2.25.215177279960644564778148238928738915103
972c5a9937,hip,280,261,1.0,2.25.186201010600484120326273381077449377115/series_004_2_CR/A250777475 DXA/CR DXA/CR000000.dcm,lh,2.25.186201010600484120326273381077449377115
6bf8546899,hip,280,261,1.0,2.25.151186844055172005615813066162721550889/series_002_2_CR/A250436130 DXA/CR DXA/CR000002.dcm,rh,2.25.151186844055172005615813066162721550889
a899aa9d1d,hip,280,265,1.0,2.25.307021710202910067378603383388989711646/series_004_2_CR/A2504110565 DXA/CR DXA/CR000004.dcm,lh,2.25.307021710202910067378603383388989711646
55bb173ad7,hip,280,265,1.0,2.25.307021710202910067378603383388989711646/series_004_2_CR/A2504110565 DXA/CR DXA/CR000001.dcm,rh,2.25.307021710202910067378603383388989711646
861d8b7d48,hip,280,265,1.0,2.25.105033841136787477881326326053319223817/series_001_2_CR/A250790559 DXA/CR DXA/CR000002.dcm,lh,2.25.105033841136787477881326326053319223817
ecec6d7686,hip,280,291,1.0,2.25.172445998420765569384934552191547932566/series_004_2_CR/A2507368766 DXA/CR DXA/CR000001.dcm,rh,2.25.172445998420765569384934552191547932566
046a5d193e,hip,280,235,1.0,2.25.190331309633057244929837507901317950031/series_001_2_CR/A250791815 DXA/CR DXA/CR000000.dcm,lh,2.25.190331309633057244929837507901317950031
c51737f67b,hip,280,233,1.0,2.25.234651502352368356456298825489565282446/series_002_2_CR/A2504307193 DXA/CR DXA/CR000000.dcm,rh,2.25.234651502352368356456298825489565282446
2c3f651abf,hip,280,237,1.0,2.25.314147167453134440746270747484612743945/series_002_2_CR/A2504224780 DXA/CR DXA/CR000000.dcm,rh,2.25.314147167453134440746270747484612743945
7c087dc453,hip,280,348,1.0,2.25.11175860580562939441493697221497597640/series_003_2_CR/A2507431060 DXA/CR DXA/CR000000.dcm,rh,2.25.11175860580562939441493697221497597640
2fc96efaa5,hip,280,235,1.0,2.25.175881661753775295785039265792986971602/series_003_2_CR/A2507266462 DXA/CR DXA/CR000000.dcm,rh,2.25.175881661753775295785039265792986971602
23cd42c66f,hip,280,294,1.0,2.25.91981043841368764114007975581101713077/series_003_2_CR/A250496619 DXA/CR DXA/CR000002.dcm,rh,2.25.91981043841368764114007975581101713077
004a70f459,hip,280,233,1.0,2.25.73070100851377917031356937075051545239/series_002_2_CR/A2504239110 DXA/CR DXA/CR000001.dcm,rh,2.25.73070100851377917031356937075051545239
665be33341,hip,280,207,1.0,2.25.173753313169335820519632380691065649420/series_003_2_CR/A2504265499 DXA/CR DXA/CR000000.dcm,rh,2.25.173753313169335820519632380691065649420
c150731889,hip,280,263,1.0,2.25.82912555346523716720160717883917565880/series_002_2_CR/A2504149480 DXA/CR DXA/CR000000.dcm,lh,2.25.82912555346523716720160717883917565880
d99cc957ee,hip,280,268,1.0,2.25.144941557565802351596730914409170713112/series_001_2_CR/A250728979 DXA/CR DXA/CR000002.dcm,rh,2.25.144941557565802351596730914409170713112
e66a452807,hip,280,346,1.0,2.25.340839477910528898406207279980417945/series_001_2_CR/A2504224555 DXA Exam/CR DXA Images/CR000001.dcm,rh,2.25.340839477910528898406207279980417945
aea554f29a,hip,280,346,1.0,2.25.164566280810634620154538016595892212884/series_001_2_CR/A2504291878 DXA Exam/CR DXA Images/CR000000.dcm,rh,2.25.164566280810634620154538016595892212884
e86bdfd42d,hip,280,291,1.0,2.25.134456506307367483341018281460841912845/series_002_2_CR/A2507120612 DXA/CR DXA/CR000002.dcm,rh,2.25.134456506307367483341018281460841912845
63c60cb374,hip,280,261,1.0,2.25.165355673991587715046346525964554729786/series_003_3_CR/A2506448267 DXA/CR DXA/CR000000.dcm,lh,2.25.165355673991587715046346525964554729786
2f0141e32d,hip,280,268,1.0,2.25.128990540359421489042453547244535073735/series_002_2_CR/A2507388698 DXA/CR DXA/CR000003.dcm,rh,2.25.128990540359421489042453547244535073735
ddcccf36e1,hip,280,263,1.0,2.25.37515662379281069436632838996073181551/series_001_2_CR/A2504329840 DXA/CR DXA/CR000001.dcm,lh,2.25.37515662379281069436632838996073181551
daac2fa0ee,hip,280,289,1.0,2.25.309085571913348252136520206003694446566/series_002_2_CR/A2504116267 DXA/CR DXA/CR000001.dcm,lh,2.25.309085571913348252136520206003694446566
8695cdadcf,hip,280,291,1.0,2.25.11175860580562939441493697221497597640/series_003_2_CR/A2507431060 DXA/CR DXA/CR000002.dcm,lh,2.25.11175860580562939441493697221497597640
34a90bb320,hip,280,261,1.0,2.25.102755089973625799055786462646268820450/series_002_2_CR/A2504257770 DXA/CR DXA/CR000002.dcm,rh,2.25.102755089973625799055786462646268820450
