id,study,side,rel_path,w,h,ann_flags,absent,have_all_margin_points,T_y,L_x,I_y,m_top_true,m_bottom_true,m_lat_true,top_ok,bottom_ok,lat_ok,roi_ok_true,expert_flag_xlsx
5b09f1ee9f,2.25.286999464611662854355201599068538813496,rh,2.25.286999464611662854355201599068538813496/series_003_2_CR/A2504223477 DXA/CR DXA/CR000000.dcm,280,265,minor_flat,,True,64.4,47.7,161.5,39.1,62.8,29.0,True,True,True,True,0.0
c4767336d9,2.25.314147167453134440746270747484612743945,lh,2.25.314147167453134440746270747484612743945/series_002_2_CR/A2504224780 DXA/CR DXA/CR000001.dcm,280,237,,,True,81.2,212.2,188.2,49.3,29.6,41.2,True,False,True,False,0.0
c582761b44,2.25.145848300160680194368420189079847088556,rh,2.25.145848300160680194368420189079847088556/series_002_2_CR/A2504248615 DXA Exam/CR DXA Images/CR000000.dcm,280,346,,,True,147.3,55.7,269.3,89.4,46.6,33.8,True,True,True,True,0.0
230290182b,2.25.157462338378550185821790046400986801350,rh,2.25.157462338378550185821790046400986801350/series_001_2_CR/A2507498707 DXA/CR DXA/CR000001.dcm,280,235,,,True,78.8,79.8,181.0,47.8,32.8,48.4,True,True,True,True,0.0
b54701fa08,2.25.177745077805190810016231350557005569203,lh,2.25.177745077805190810016231350557005569203/series_002_2_CR/A2504273759 DXA/CR DXA/CR000000.dcm,280,233,,,True,59.0,184.5,170.8,35.8,37.7,58.0,True,True,True,True,0.0
14b3c6d5f0,2.25.13983650679559142983913935144968795415,rh,2.25.13983650679559142983913935144968795415/series_003_2_CR/A2504335111 DXA/CR DXA/CR000001.dcm,280,289,,,True,66.5,42.9,174.8,40.4,69.3,26.0,True,True,True,True,0.0
2539404986,2.25.156021661584944120526934974594604520993,lh,2.25.156021661584944120526934974594604520993/series_003_2_CR/A2507142228 DXA/CR DXA/CR000001.dcm,280,261,minor_flat,,True,78.1,229.9,177.9,47.4,50.4,30.4,True,True,True,True,0.0
4aaa3dcaa7,2.25.52982400970721161435951723390541696819,lh,2.25.52982400970721161435951723390541696819/series_001_2_CR/A2504331065 DXA/CR DXA/CR000001.dcm,280,289,,,True,81.5,217.3,201.3,49.4,53.3,38.1,True,True,True,True,0.0
251e22f030,2.25.103868781101960771917584077315578649178,lh,2.25.103868781101960771917584077315578649178/series_001_3_CR/A2507485409 DXA/CR DXA/CR000000.dcm,280,322,,,True,82.9,226.2,207.3,50.3,69.6,32.7,True,True,True,True,0.0
55a2726d4b,2.25.137344827330550141320158285144101816664,lh,2.25.137344827330550141320158285144101816664/series_003_3_CR/A2507146630 DXA/CR DXA/CR000001.dcm,280,263,minor_flat,,True,84.4,229.5,199.8,51.2,38.4,30.7,True,True,True,True,0.0
fe44118026,2.25.173731186748227489808861376513577450951,lh,2.25.173731186748227489808861376513577450951/series_002_2_CR/A2507188958 DXA/CR DXA/CR000001.dcm,280,263,,,True,73.6,176.8,186.8,44.7,46.3,62.6,True,True,True,True,0.0
41a2f33240,2.25.124890633326693921702195356152595253940,lh,2.25.124890633326693921702195356152595253940/series_002_2_CR/A2504263153 DXA/CR DXA/CR000001.dcm,280,261,,,True,66.8,186.9,182.1,40.5,47.9,56.5,True,True,True,True,0.0
02ed4b63e0,2.25.126293418391331346694592071563510265596,rh,2.25.126293418391331346694592071563510265596/series_002_3_CR/A2507250865 DXA/CR DXA/CR000000.dcm,280,291,minor_flat,,True,63.4,70.6,180.5,38.5,67.1,42.9,True,True,True,True,0.0
7d0a1ff508,2.25.167344201679287285499405412654740659745,lh,2.25.167344201679287285499405412654740659745/series_003_2_CR/A2504249537 DXA/CR DXA/CR000001.dcm,280,263,,,True,57.6,227.2,179.2,34.9,50.9,32.0,True,True,True,True,0.0
1157fa7e80,2.25.132083163398091874662674590622589534350,rh,2.25.132083163398091874662674590622589534350/series_003_2_CR/A2507386583 DXA Exam/CR DXA Images/CR000002.dcm,280,346,,,True,145.5,64.8,260.4,88.3,52.0,39.4,True,True,True,True,0.0
0c4a5f3787,2.25.186201010600484120326273381077449377115,rh,2.25.186201010600484120326273381077449377115/series_004_2_CR/A250777475 DXA/CR DXA/CR000002.dcm,280,261,,,True,69.4,71.0,181.7,42.1,48.1,43.1,True,True,True,True,0.0
8d53f855ab,2.25.217397325224876728316360420804118329081,lh,2.25.217397325224876728316360420804118329081/series_002_2_CR/A250474631 DXA/CR DXA/CR000000.dcm,280,263,,,True,79.1,183.7,187.9,48.0,45.6,58.5,True,True,True,True,0.0
df9e45dbd1,2.25.158646777318759504110695916200521633609,lh,2.25.158646777318759504110695916200521633609/series_003_6_CR/A2507266260 DXA/CR DXA/CR000003.dcm,280,289,,,True,73.1,224.8,184.3,44.3,63.6,33.5,True,True,True,True,0.0
c0cd3ae60f,2.25.66397484472966116002950503539482860450,lh,2.25.66397484472966116002950503539482860450/series_001_2_CR/A2504194637 DXA/CR DXA/CR000000.dcm,280,235,review,,True,60.0,206.2,190.8,36.4,26.8,44.8,True,False,True,False,0.0
a6e8a5010e,2.25.13983650679559142983913935144968795415,lh,2.25.13983650679559142983913935144968795415/series_003_2_CR/A2504335111 DXA/CR DXA/CR000002.dcm,280,289,,,True,70.8,244.0,180.2,43.0,66.1,21.9,True,True,True,True,0.0
295a045487,2.25.181196659018348153828200695057897449628,rh,2.25.181196659018348153828200695057897449628/series_004_2_CR/A2507370620 DXA/CR DXA/CR000001.dcm,280,265,minor_flat,,True,77.7,52.8,192.7,47.2,43.9,32.0,True,True,True,True,0.0
12ae058be2,2.25.276415754443998872860614500027519740375,rh,2.25.276415754443998872860614500027519740375/series_002_2_CR/A2504387089 DXA/CR DXA/CR000002.dcm,280,292,,,True,64.3,65.9,185.8,39.0,64.5,40.0,True,True,True,True,0.0
aca8b9b381,2.25.272690031744216183651627058502316132741,lh,2.25.272690031744216183651627058502316132741/series_002_2_CR/A2504373414 DXA/CR DXA/CR000002.dcm,280,320,,,True,79.7,209.4,192.4,48.3,77.5,42.9,True,True,True,True,0.0
dfcb289c5e,2.25.145848300160680194368420189079847088556,lh,2.25.145848300160680194368420189079847088556/series_002_2_CR/A2504248615 DXA Exam/CR DXA Images/CR000001.dcm,280,344,minor_flat,,True,153.2,225.8,269.0,93.0,45.5,32.9,True,True,True,True,0.0
a0acf70141,2.25.66397484472966116002950503539482860450,rh,2.25.66397484472966116002950503539482860450/series_001_2_CR/A2504194637 DXA/CR DXA/CR000003.dcm,280,318,,,True,68.8,90.7,193.9,41.8,75.4,55.1,True,True,True,True,0.0
da32dc256d,2.25.168317503020329569414190677927680518621,rh,2.25.168317503020329569414190677927680518621/series_004_2_CR/A2507557128 DXA/CR DXA/CR000004.dcm,280,289,minor_flat,,True,81.0,62.9,197.1,49.1,55.8,38.2,True,True,True,True,0.0
f7dbae1fd6,2.25.168317503020329569414190677927680518621,lh,2.25.168317503020329569414190677927680518621/series_004_2_CR/A2507557128 DXA/CR DXA/CR000000.dcm,280,261,minor_flat,,True,62.2,244.4,174.2,37.8,52.7,21.6,True,True,True,True,0.0
d1bd63dca5,2.25.102965897799404973225419898683246248872,rh,2.25.102965897799404973225419898683246248872/series_001_2_CR/A250726353 DXA/CR DXA/CR000002.dcm,280,263,minor_flat,,True,70.6,62.3,190.6,42.8,43.9,37.8,True,True,True,True,0.0
0cb6d98371,2.25.13325817932854000792938662637654885530,rh,2.25.13325817932854000792938662637654885530/series_002_2_CR/A2507365486 DXA/CR DXA/CR000005.dcm,280,233,,,True,67.7,51.5,187.3,41.1,27.7,31.2,True,False,True,False,0.0
389e98153a,2.25.277752758923974029595977676354128739670,lh,2.25.277752758923974029595977676354128739670/series_002_2_CR/A2504223752 DXA/CR DXA/CR000001.dcm,280,261,minor_flat,,True,60.2,197.3,178.5,36.6,50.1,50.2,True,True,True,True,1.0
d8ff6636a7,2.25.39068163399801173920284179500049527111,lh,2.25.39068163399801173920284179500049527111/series_002_2_CR/A2504195842 DXA/CR DXA/CR000001.dcm,280,235,,,True,69.8,207.1,177.3,42.4,35.0,44.2,True,True,True,True,0.0
49bccfb646,1.2.840.113619.2.110.512719.20250407113211,lh,1.2.840.113619.2.110.512719.20250407113211/series_001_2_CR/DXA/CR DXA/CR000000.dcm,280,263,,,True,65.1,212.4,180.9,39.5,49.8,41.0,True,True,True,True,0.0
de2e5b63a0,2.25.172445998420765569384934552191547932566,lh,2.25.172445998420765569384934552191547932566/series_004_2_CR/A2507368766 DXA/CR DXA/CR000002.dcm,280,317,,,True,73.5,212.0,195.1,44.6,74.0,41.3,True,True,True,True,0.0
8057421b41,2.25.114887542067602662452692698814728642117,lh,2.25.114887542067602662452692698814728642117/series_001_2_CR/A2504131887 DXA/CR DXA/CR000001.dcm,280,320,,,True,71.3,235.6,186.2,43.3,81.2,27.0,True,True,True,True,0.0
482a7b0228,2.25.122446767306607067205618235949445789306,lh,2.25.122446767306607067205618235949445789306/series_001_2_CR/A2504255080 DXA/CR DXA/CR000001.dcm,280,235,minor_flat,trochanter_minor,True,64.6,222.4,165.9,39.2,41.9,35.0,True,True,True,True,0.0
e5a79399d2,2.25.102755089973625799055786462646268820450,lh,2.25.102755089973625799055786462646268820450/series_002_2_CR/A2504257770 DXA/CR DXA/CR000000.dcm,280,235,,,True,68.3,218.1,175.2,41.4,36.3,37.5,True,True,True,True,0.0
f734ba5e77,2.25.29638026465755240167985424461715024381,lh,2.25.29638026465755240167985424461715024381/series_004_3_CR/A2504115579 DXA/CR DXA/CR000003.dcm,280,265,,,True,84.9,181.6,193.8,51.5,43.2,59.7,True,True,True,True,0.0
9eb0d6cd99,2.25.217397325224876728316360420804118329081,rh,2.25.217397325224876728316360420804118329081/series_002_2_CR/A250474631 DXA/CR DXA/CR000001.dcm,280,235,,,True,77.1,79.7,175.8,46.8,35.9,48.4,True,True,True,True,0.0
39b2650275,2.25.286999464611662854355201599068538813496,lh,2.25.286999464611662854355201599068538813496/series_003_2_CR/A2504223477 DXA/CR DXA/CR000002.dcm,280,265,,,True,63.2,217.8,171.7,38.4,56.6,37.8,True,True,True,True,0.0
a8cc02eb76,2.25.78999454687125053757525542837745968726,rh,2.25.78999454687125053757525542837745968726/series_004_3_CR/A2504222617 DXA/CR DXA/CR000001.dcm,280,265,,,True,71.8,83.4,208.6,43.6,34.2,50.6,True,True,True,True,0.0
d06a488355,2.25.13069823278093578548407087310307113784,rh,2.25.13069823278093578548407087310307113784/series_003_2_CR/A2507242667 DXA/CR DXA/CR000002.dcm,280,180,minor_flat,trochanter_minor;shaft_lateral;shaft_medial,True,62.4,63.6,154.2,37.9,15.6,38.6,True,False,True,False,1.0
f8db2dfd57,2.25.184198356665635336833172191504278054074,lh,2.25.184198356665635336833172191504278054074/series_004_2_CR/A250788286 DXA/CR DXA/CR000001.dcm,280,320,,,True,78.0,233.9,203.6,47.3,70.7,28.0,True,True,True,True,0.0
4edf9cbca8,2.25.173753313169335820519632380691065649420,lh,2.25.173753313169335820519632380691065649420/series_003_2_CR/A2504265499 DXA/CR DXA/CR000003.dcm,280,237,minor_flat,,True,70.4,168.0,200.5,42.7,22.2,68.0,True,False,True,False,0.0
ac3b87f28c,2.25.132272637351979990811754009849547633391,rh,2.25.132272637351979990811754009849547633391/series_003_3_CR/A2504141080 DXA/CR DXA/CR000001.dcm,280,261,minor_flat,,True,81.6,101.6,195.2,49.5,39.9,61.7,True,True,True,True,0.0
821ed09f41,2.25.17706555930735581384953296958427669848,rh,2.25.17706555930735581384953296958427669848/series_004_3_CR/A2504146513 DXA/CR DXA/CR000003.dcm,280,261,,,True,62.6,27.6,161.3,38.0,60.5,16.8,True,True,False,False,0.0
6fb1216fbe,2.25.39068163399801173920284179500049527111,rh,2.25.39068163399801173920284179500049527111/series_002_2_CR/A2504195842 DXA/CR DXA/CR000000.dcm,280,235,,,True,62.2,88.0,181.0,37.7,32.8,53.4,True,True,True,True,0.0
26d768d528,2.25.65954778282254353457041255543338557112,lh,2.25.65954778282254353457041255543338557112/series_004_3_CR/A2504246289 DXA/CR DXA/CR000001.dcm,280,291,,,True,77.0,219.7,177.6,46.7,68.8,36.6,True,True,True,True,0.0
35834ef05c,2.25.124890633326693921702195356152595253940,rh,2.25.124890633326693921702195356152595253940/series_002_2_CR/A2504263153 DXA/CR DXA/CR000002.dcm,280,289,,,True,82.1,76.8,198.2,49.8,55.1,46.6,True,True,True,True,0.0
93c92254c8,1.2.840.113619.2.110.512719.20250407113211,rh,1.2.840.113619.2.110.512719.20250407113211/series_001_2_CR/DXA/CR DXA/CR000001.dcm,280,265,minor_flat,,True,80.8,73.4,198.3,49.0,40.5,44.6,True,True,True,True,0.0
c63fb582c1,2.25.103868781101960771917584077315578649178,rh,2.25.103868781101960771917584077315578649178/series_001_3_CR/A2507485409 DXA/CR DXA/CR000001.dcm,280,320,,,True,58.4,60.0,198.2,35.5,73.9,36.4,True,True,True,True,0.0
3e6578bc68,2.25.12798473087614376830819854616447908612,rh,2.25.12798473087614376830819854616447908612/series_002_2_CR/A2507538847 DXA/CR DXA/CR000002.dcm,248,405,implant,femoral_head_center;neck_center,True,78.7,64.3,163.9,47.8,146.3,39.0,True,True,True,True,
48150102ce,2.25.269648774413746842548908998641183395622,rh,2.25.269648774413746842548908998641183395622/series_001_2_CR/A2504393664 DXA/CR DXA/CR000000.dcm,280,263,,,True,74.7,79.0,203.3,45.3,36.3,48.0,True,True,True,True,0.0
d4696363a2,2.25.175903805423871105435148927871625232853,rh,2.25.175903805423871105435148927871625232853/series_001_2_CR/A2507159447 DXA/CR DXA/CR000001.dcm,280,289,,,True,59.2,29.1,179.4,35.9,66.5,17.6,True,True,False,False,0.0
dfad36da1c,2.25.48906424954135283790354958243772558962,rh,2.25.48906424954135283790354958243772558962/series_001_2_CR/A2504185596 DXA Exam/CR DXA Images/CR000000.dcm,280,346,,,True,121.2,52.6,245.8,73.6,60.8,31.9,True,True,True,True,0.0
eed4a8525e,2.25.165091430504580219034019815337441064349,lh,2.25.165091430504580219034019815337441064349/series_001_2_CR/A2504415443 DXA/CR DXA/CR000001.dcm,280,261,minor_flat,,True,69.0,174.9,187.6,41.9,44.6,63.8,True,True,True,True,0.0
20447b65f3,2.25.126293418391331346694592071563510265596,lh,2.25.126293418391331346694592071563510265596/series_002_3_CR/A2507250865 DXA/CR DXA/CR000002.dcm,280,209,review,trochanter_major;trochanter_lateral;trochanter_minor;femoral_head_center;neck_center;ischium_bottom;shaft_lateral;shaft_medial,False,,,,,,,,,,,1.0
90f36a4a45,2.25.247714038039430659432048101646401574824,rh,2.25.247714038039430659432048101646401574824/series_002_2_CR/A2504238024 DXA Exam/CR DXA Images/CR000001.dcm,280,344,,,True,154.5,35.7,266.8,93.8,46.9,21.7,True,True,True,True,0.0
d589956993,2.25.309085571913348252136520206003694446566,rh,2.25.309085571913348252136520206003694446566/series_002_2_CR/A2504116267 DXA/CR DXA/CR000002.dcm,280,289,,,True,62.9,47.5,175.6,38.2,68.8,28.8,True,True,True,True,0.0
1867a65bc8,2.25.181196659018348153828200695057897449628,lh,2.25.181196659018348153828200695057897449628/series_004_2_CR/A2507370620 DXA/CR DXA/CR000000.dcm,280,291,,,True,78.1,253.0,198.0,47.4,56.4,16.4,True,True,False,False,0.0
2fbaffc1f0,2.25.127126130998341190348103034690069487890,lh,2.25.127126130998341190348103034690069487890/series_002_2_CR/A250428736 DXA/CR DXA/CR000001.dcm,280,315,review,ischium_bottom,False,,,,,,,,,,,0.0
e16b149b28,2.25.76710355977373089612172037086913478687,rh,2.25.76710355977373089612172037086913478687/series_002_3_CR/A2504104830 DXA/CR DXA/CR000000.dcm,280,265,,,True,86.3,99.3,205.8,52.4,35.9,60.3,True,True,True,True,0.0
5db3d3a169,2.25.87869906212286587478854831452123526595,rh,2.25.87869906212286587478854831452123526595/series_002_2_CR/A250419699 DXA/CR DXA/CR000002.dcm,280,291,,,True,66.0,56.7,173.4,40.1,71.4,34.4,True,True,True,True,0.0
7ee1157686,2.25.276415754443998872860614500027519740375,lh,2.25.276415754443998872860614500027519740375/series_002_2_CR/A2504387089 DXA/CR DXA/CR000003.dcm,280,292,minor_flat,,True,83.7,182.4,199.9,50.8,55.9,59.2,True,True,True,True,0.0
8f4f8bb1d3,2.25.157462338378550185821790046400986801350,lh,2.25.157462338378550185821790046400986801350/series_001_2_CR/A2507498707 DXA/CR DXA/CR000003.dcm,280,235,,,True,67.3,197.4,170.0,40.9,39.4,50.2,True,True,True,True,0.0
9ae0c26452,2.25.91981043841368764114007975581101713077,lh,2.25.91981043841368764114007975581101713077/series_003_2_CR/A250496619 DXA/CR DXA/CR000000.dcm,280,292,,,True,74.6,207.1,212.0,45.3,48.6,44.3,True,True,True,True,0.0
f3c44458b9,1.2.840.113619.2.110.512719.20250403092052,lh,1.2.840.113619.2.110.512719.20250403092052/series_003_3_CR/DXA/CR DXA/CR000002.dcm,280,263,minor_flat,,True,66.5,232.9,168.8,40.4,57.2,28.6,True,True,True,True,0.0
a5c6daf823,2.25.127126130998341190348103034690069487890,rh,2.25.127126130998341190348103034690069487890/series_002_2_CR/A250428736 DXA/CR DXA/CR000003.dcm,280,206,,ischium_bottom,False,,,,,,,,,,,1.0
3756b7ed05,2.25.132272637351979990811754009849547633391,lh,2.25.132272637351979990811754009849547633391/series_003_3_CR/A2504141080 DXA/CR DXA/CR000000.dcm,280,261,,,True,77.2,209.8,200.0,46.8,37.0,42.6,True,True,True,True,0.0
a11579e3e4,2.25.340839477910528898406207279980417945,lh,2.25.340839477910528898406207279980417945/series_001_2_CR/A2504224555 DXA Exam/CR DXA Images/CR000000.dcm,280,346,,,True,122.6,212.3,227.4,74.4,72.0,41.1,True,True,True,True,0.0
c3141690fb,2.25.156375884487675936513403083218009333856,rh,2.25.156375884487675936513403083218009333856/series_003_2_CR/A250727121 DXA/CR DXA/CR000004.dcm,280,291,minor_flat,,True,83.4,100.9,209.8,50.6,49.3,61.3,True,True,True,True,0.0
1d0d05e61b,1.2.840.113619.2.110.512719.20250403090444,lh,1.2.840.113619.2.110.512719.20250403090444/series_004_3_CR/DXA/CR DXA/CR000002.dcm,280,263,minor_flat,,True,59.6,198.7,175.6,36.2,53.1,49.3,True,True,True,True,0.0
345b356eba,2.25.215177279960644564778148238928738915103,lh,2.25.215177279960644564778148238928738915103/series_002_2_CR/A2504147013 DXA/CR DXA/CR000000.dcm,280,320,,trochanter_minor,True,66.8,197.3,172.1,40.5,89.8,50.2,True,True,True,True,0.0
8e0c8197b5,2.25.16773626720107440979805052259711419763,rh,2.25.16773626720107440979805052259711419763/series_004_2_CR/A2507537392 DXA/CR DXA/CR000001.dcm,280,261,,trochanter_minor,True,78.2,50.7,171.9,47.5,54.1,30.8,True,True,True,True,0.0
f6d08d228f,2.25.17706555930735581384953296958427669848,lh,2.25.17706555930735581384953296958427669848/series_004_3_CR/A2504146513 DXA/CR DXA/CR000000.dcm,280,261,,,True,65.6,220.3,173.6,39.8,53.1,36.2,True,True,True,True,0.0
6503ac0bfd,2.25.339027809107632348165171236474821772940,lh,2.25.339027809107632348165171236474821772940/series_001_2_CR/A2504349642 DXA/CR DXA/CR000002.dcm,280,317,,,True,71.5,237.2,177.4,43.4,84.7,26.0,True,True,True,True,0.0
9b1362e96b,2.25.177745077805190810016231350557005569203,rh,2.25.177745077805190810016231350557005569203/series_002_2_CR/A2504273759 DXA/CR DXA/CR000004.dcm,280,233,,,True,60.7,83.0,174.0,36.9,35.8,50.4,True,True,True,True,0.0
191151fc0a,2.25.48906424954135283790354958243772558962,lh,2.25.48906424954135283790354958243772558962/series_001_2_CR/A2504185596 DXA Exam/CR DXA Images/CR000001.dcm,280,344,,,True,112.9,233.4,234.1,68.5,66.7,28.3,True,True,True,True,0.0
8b7ddbb65f,2.25.165091430504580219034019815337441064349,rh,2.25.165091430504580219034019815337441064349/series_001_2_CR/A2504415443 DXA/CR DXA/CR000000.dcm,280,235,minor_flat,,True,60.9,60.5,173.7,37.0,37.2,36.7,True,True,True,True,0.0
0cee7cb120,2.25.184198356665635336833172191504278054074,rh,2.25.184198356665635336833172191504278054074/series_004_2_CR/A250788286 DXA/CR DXA/CR000002.dcm,280,318,,,True,77.1,55.5,193.3,46.8,75.7,33.7,True,True,True,True,0.0
1eb6b7ff41,2.25.144941557565802351596730914409170713112,lh,2.25.144941557565802351596730914409170713112/series_001_2_CR/A250728979 DXA/CR DXA/CR000000.dcm,280,268,,,True,85.5,231.6,188.7,51.9,48.2,29.4,True,True,True,True,0.0
e53a207591,2.25.156389075510671877606923458507011517218,rh,2.25.156389075510671877606923458507011517218/series_001_2_CR/A2507389755 DXA/CR DXA/CR000000.dcm,280,292,,,True,77.6,84.9,210.4,47.1,49.5,51.5,True,True,True,True,0.0
b38be6ce6a,2.25.37515662379281069436632838996073181551,rh,2.25.37515662379281069436632838996073181551/series_001_2_CR/A2504329840 DXA/CR DXA/CR000002.dcm,280,263,,,True,64.8,45.9,183.1,39.3,48.5,27.8,True,True,True,True,0.0
ae29615567,2.25.164566280810634620154538016595892212884,lh,2.25.164566280810634620154538016595892212884/series_001_2_CR/A2504291878 DXA Exam/CR DXA Images/CR000002.dcm,280,346,,,True,162.2,232.6,263.4,98.4,50.2,28.8,True,True,True,True,0.0
6efd32a9bb,2.25.272690031744216183651627058502316132741,rh,2.25.272690031744216183651627058502316132741/series_002_2_CR/A2504373414 DXA/CR DXA/CR000000.dcm,280,349,,,True,68.3,41.0,197.1,41.4,92.2,24.9,True,True,True,True,0.0
d7c5b153ed,2.25.78999454687125053757525542837745968726,lh,2.25.78999454687125053757525542837745968726/series_004_3_CR/A2504222617 DXA/CR DXA/CR000000.dcm,280,265,,,True,79.0,218.1,210.3,48.0,33.2,37.6,True,True,True,True,0.0
e7b81263aa,2.25.87869906212286587478854831452123526595,lh,2.25.87869906212286587478854831452123526595/series_002_2_CR/A250419699 DXA/CR DXA/CR000000.dcm,280,292,,,True,84.8,231.0,188.5,51.5,62.8,29.7,True,True,True,True,0.0
7b5f3b4920,2.25.29638026465755240167985424461715024381,rh,2.25.29638026465755240167985424461715024381/series_004_3_CR/A2504115579 DXA/CR DXA/CR000000.dcm,280,265,,,True,72.8,92.4,185.5,44.2,48.2,56.1,True,True,True,True,0.0
f8b4a5c6ca,2.25.247714038039430659432048101646401574824,lh,2.25.247714038039430659432048101646401574824/series_002_2_CR/A2504238024 DXA Exam/CR DXA Images/CR000000.dcm,280,346,,,True,163.9,231.2,270.6,99.5,45.8,29.6,True,True,True,True,0.0
38154f0445,2.25.73070100851377917031356937075051545239,lh,2.25.73070100851377917031356937075051545239/series_002_2_CR/A2504239110 DXA/CR DXA/CR000000.dcm,280,233,minor_flat,trochanter_minor,True,59.8,216.6,164.3,36.3,41.7,38.5,True,True,True,True,0.0
6f08085425,2.25.12798473087614376830819854616447908612,lh,2.25.12798473087614376830819854616447908612/series_002_2_CR/A2507538847 DXA/CR DXA/CR000001.dcm,248,401,,femoral_head_center;neck_center,True,74.3,151.0,197.8,45.1,123.3,58.9,True,True,True,True,
51bfb06d8e,2.25.129239680100193368599713239115902740628,lh,2.25.129239680100193368599713239115902740628/series_003_3_CR/A250757345 DXA/CR DXA/CR000000.dcm,280,320,,,True,85.9,179.8,200.3,52.1,72.7,60.8,True,True,True,True,0.0
685118a669,2.25.151186844055172005615813066162721550889,lh,2.25.151186844055172005615813066162721550889/series_002_2_CR/A250436130 DXA/CR DXA/CR000001.dcm,280,289,,,True,56.9,198.9,177.5,34.5,67.7,49.2,True,True,True,True,0.0
7d17dc4688,2.25.128990540359421489042453547244535073735,lh,2.25.128990540359421489042453547244535073735/series_002_2_CR/A2507388698 DXA/CR DXA/CR000000.dcm,280,266,minor_flat,trochanter_minor,True,70.4,193.2,187.9,42.7,47.4,52.7,True,True,True,True,0.0
dcead7c4a3,2.25.190331309633057244929837507901317950031,rh,2.25.190331309633057244929837507901317950031/series_001_2_CR/A250791815 DXA/CR DXA/CR000004.dcm,280,235,minor_flat,trochanter_minor,True,74.1,88.6,207.0,45.0,17.0,53.8,True,False,True,False,0.0
dd8a27e24b,1.2.840.113619.2.110.512719.20250403092052,rh,1.2.840.113619.2.110.512719.20250403092052/series_003_3_CR/DXA/CR DXA/CR000000.dcm,280,235,,,True,64.6,88.3,151.4,39.2,50.8,53.6,True,True,True,True,0.0
19993aafc5,2.25.116822802042655971810859435524105064465,lh,2.25.116822802042655971810859435524105064465/series_003_2_CR/A2507273296 DXA/CR DXA/CR000001.dcm,280,235,,,True,42.3,152.8,160.8,25.7,45.0,77.2,False,True,True,False,0.0
6b9a4c3aa5,1.2.840.113619.2.110.512719.20250403090444,rh,1.2.840.113619.2.110.512719.20250403090444/series_004_3_CR/DXA/CR DXA/CR000001.dcm,280,235,,,True,57.0,65.4,167.9,34.6,40.7,39.7,True,True,True,True,0.0
7212f5e774,2.25.156375884487675936513403083218009333856,lh,2.25.156375884487675936513403083218009333856/series_003_2_CR/A250727121 DXA/CR DXA/CR000000.dcm,280,291,minor_flat,,True,66.8,226.9,201.4,40.5,54.4,32.2,True,True,True,True,0.0
7c6f87fbe9,2.25.76710355977373089612172037086913478687,lh,2.25.76710355977373089612172037086913478687/series_002_3_CR/A2504104830 DXA/CR DXA/CR000002.dcm,280,292,minor_flat,,True,88.2,238.6,209.7,53.6,49.9,25.1,True,True,True,True,0.0
5401d38d93,2.25.339027809107632348165171236474821772940,rh,2.25.339027809107632348165171236474821772940/series_001_2_CR/A2504349642 DXA/CR DXA/CR000000.dcm,280,318,,,True,60.5,54.3,169.3,36.8,90.3,33.0,True,True,True,True,0.0
c8a127d42a,2.25.134456506307367483341018281460841912845,lh,2.25.134456506307367483341018281460841912845/series_002_2_CR/A2507120612 DXA/CR DXA/CR000000.dcm,280,292,,,True,84.5,243.2,194.6,51.3,59.2,22.4,True,True,True,True,0.0
57ab2f04d2,2.25.10245777060263212829333021434108890537,lh,2.25.10245777060263212829333021434108890537/series_003_2_CR/A2504412435 DXA/CR DXA/CR000002.dcm,280,292,,,True,75.7,180.2,194.6,46.0,59.2,60.6,True,True,True,True,0.0
64b7278fbe,2.25.52982400970721161435951723390541696819,rh,2.25.52982400970721161435951723390541696819/series_001_2_CR/A2504331065 DXA/CR DXA/CR000000.dcm,280,289,minor_flat,,True,76.8,50.1,201.6,46.6,53.1,30.4,True,True,True,True,0.0
4acb53fc8a,2.25.137344827330550141320158285144101816664,rh,2.25.137344827330550141320158285144101816664/series_003_3_CR/A2507146630 DXA/CR DXA/CR000002.dcm,280,235,,,True,68.0,67.8,184.1,41.3,30.9,41.2,True,True,True,True,0.0
4b1248cc7d,2.25.190807933410234695931591553323782771995,lh,2.25.190807933410234695931591553323782771995/series_002_3_CR/A250762254 DXA/CR DXA/CR000001.dcm,280,292,,,True,101.2,225.7,198.7,61.4,56.6,33.0,True,True,True,True,0.0
bbe9fe2389,2.25.175903805423871105435148927871625232853,lh,2.25.175903805423871105435148927871625232853/series_001_2_CR/A2507159447 DXA/CR DXA/CR000002.dcm,280,289,,,True,80.6,219.9,185.4,48.9,62.9,36.5,True,True,True,True,0.0
060c544b7b,2.25.167344201679287285499405412654740659745,rh,2.25.167344201679287285499405412654740659745/series_003_2_CR/A2504249537 DXA/CR DXA/CR000000.dcm,280,265,,,True,72.2,64.8,183.1,43.8,49.7,39.3,True,True,True,True,0.0
40d8c41153,2.25.234651502352368356456298825489565282446,lh,2.25.234651502352368356456298825489565282446/series_002_2_CR/A2504307193 DXA/CR DXA/CR000003.dcm,280,207,,,True,78.4,218.2,175.6,47.6,19.1,37.5,True,False,True,False,0.0
e456b30d7d,2.25.116822802042655971810859435524105064465,rh,2.25.116822802042655971810859435524105064465/series_003_2_CR/A2507273296 DXA/CR DXA/CR000000.dcm,280,235,,,True,49.6,103.3,166.0,30.1,41.9,62.7,True,True,True,True,0.0
da56a6c673,2.25.156389075510671877606923458507011517218,lh,2.25.156389075510671877606923458507011517218/series_001_2_CR/A2507389755 DXA/CR DXA/CR000001.dcm,280,292,minor_flat,,True,77.6,228.0,207.1,47.1,51.6,31.6,True,True,True,True,0.0
97ed43db92,2.25.114887542067602662452692698814728642117,rh,2.25.114887542067602662452692698814728642117/series_001_2_CR/A2504131887 DXA/CR DXA/CR000000.dcm,280,320,,,True,88.4,82.1,204.1,53.7,70.4,49.8,True,True,True,True,0.0
8aa1ced6bf,2.25.82912555346523716720160717883917565880,rh,2.25.82912555346523716720160717883917565880/series_002_2_CR/A2504149480 DXA/CR DXA/CR000002.dcm,280,265,,,True,67.3,60.3,186.6,40.9,47.6,36.6,True,True,True,True,0.0
21310593d9,2.25.13069823278093578548407087310307113784,lh,2.25.13069823278093578548407087310307113784/series_003_2_CR/A2507242667 DXA/CR DXA/CR000000.dcm,280,206,minor_flat,trochanter_minor,True,73.0,237.7,177.7,44.3,17.2,25.7,True,False,True,False,1.0
64255669a9,2.25.175881661753775295785039265792986971602,lh,2.25.175881661753775295785039265792986971602/series_003_2_CR/A2507266462 DXA/CR DXA/CR000002.dcm,280,233,,,True,65.3,188.4,158.0,39.6,45.5,55.6,True,True,True,True,0.0
39bb0dbdbb,2.25.122446767306607067205618235949445789306,rh,2.25.122446767306607067205618235949445789306/series_001_2_CR/A2504255080 DXA/CR DXA/CR000000.dcm,280,207,minor_flat,trochanter_minor,True,60.4,73.5,146.0,36.7,37.0,44.6,True,True,True,True,0.0
3c5f5a6143,2.25.105033841136787477881326326053319223817,rh,2.25.105033841136787477881326326053319223817/series_001_2_CR/A250790559 DXA/CR DXA/CR000003.dcm,280,237,,,True,73.2,77.4,177.6,44.4,36.0,47.0,True,True,True,True,0.0
6f384897cd,2.25.10245777060263212829333021434108890537,rh,2.25.10245777060263212829333021434108890537/series_003_2_CR/A2504412435 DXA/CR DXA/CR000000.dcm,280,291,,,True,69.8,96.4,185.2,42.4,64.2,58.5,True,True,True,True,0.0
7328bfb120,2.25.158646777318759504110695916200521633609,rh,2.25.158646777318759504110695916200521633609/series_003_6_CR/A2507266260 DXA/CR DXA/CR000000.dcm,280,291,,,True,66.8,66.5,96.3,40.5,118.2,40.4,True,True,True,True,0.0
1625a18b39,2.25.156021661584944120526934974594604520993,rh,2.25.156021661584944120526934974594604520993/series_003_2_CR/A2507142228 DXA/CR DXA/CR000003.dcm,280,261,,,True,75.2,34.4,174.9,45.6,52.3,20.9,True,True,True,True,0.0
4853435e1d,2.25.135241889065705954191821710363605596815,lh,2.25.135241889065705954191821710363605596815/series_003_3_CR/A250715060 DXA/CR DXA/CR000000.dcm,280,263,,,True,59.6,225.4,188.9,36.2,45.0,33.1,True,True,True,True,0.0
9ac543c8ce,2.25.102965897799404973225419898683246248872,lh,2.25.102965897799404973225419898683246248872/series_001_2_CR/A250726353 DXA/CR DXA/CR000000.dcm,280,235,,,True,58.5,225.2,170.6,35.5,39.1,33.3,True,True,True,True,0.0
132002de76,2.25.16773626720107440979805052259711419763,lh,2.25.16773626720107440979805052259711419763/series_004_2_CR/A2507537392 DXA/CR DXA/CR000004.dcm,280,261,minor_flat,,True,68.7,225.8,173.2,41.7,53.3,32.9,True,True,True,True,0.0
fd5b1fd7ff,2.25.277752758923974029595977676354128739670,rh,2.25.277752758923974029595977676354128739670/series_002_2_CR/A2504223752 DXA/CR DXA/CR000000.dcm,280,261,minor_flat,trochanter_minor,True,79.9,93.8,185.1,48.5,46.1,56.9,True,True,True,True,0.0
6d372f8000,2.25.132083163398091874662674590622589534350,lh,2.25.132083163398091874662674590622589534350/series_003_2_CR/A2507386583 DXA Exam/CR DXA Images/CR000000.dcm,280,346,,,True,113.1,209.2,241.3,68.7,63.5,43.0,True,True,True,True,0.0
9c325a0582,2.25.65954778282254353457041255543338557112,rh,2.25.65954778282254353457041255543338557112/series_004_3_CR/A2504246289 DXA/CR DXA/CR000000.dcm,280,291,,,True,67.1,66.5,170.0,40.8,73.4,40.4,True,True,True,True,0.0
4b1e4b09dc,2.25.13325817932854000792938662637654885530,lh,2.25.13325817932854000792938662637654885530/series_002_2_CR/A2507365486 DXA/CR DXA/CR000001.dcm,280,235,,,True,57.9,245.6,181.3,35.1,32.6,20.9,True,True,True,True,1.0
a9c4714c26,2.25.269648774413746842548908998641183395622,lh,2.25.269648774413746842548908998641183395622/series_001_2_CR/A2504393664 DXA/CR DXA/CR000002.dcm,280,261,,,True,60.5,183.7,189.5,36.8,43.4,58.5,True,True,True,True,0.0
982ab95229,2.25.215177279960644564778148238928738915103,rh,2.25.215177279960644564778148238928738915103/series_002_2_CR/A2504147013 DXA/CR DXA/CR000002.dcm,280,292,minor_flat,trochanter_minor,True,62.4,57.1,154.7,37.9,83.4,34.7,True,True,True,True,0.0
972c5a9937,2.25.186201010600484120326273381077449377115,lh,2.25.186201010600484120326273381077449377115/series_004_2_CR/A250777475 DXA/CR DXA/CR000000.dcm,280,261,,,True,68.7,215.9,180.7,41.7,48.8,38.9,True,True,True,True,0.0
6bf8546899,2.25.151186844055172005615813066162721550889,rh,2.25.151186844055172005615813066162721550889/series_002_2_CR/A250436130 DXA/CR DXA/CR000002.dcm,280,261,,,True,69.0,46.9,185.4,41.9,45.9,28.5,True,True,True,True,0.0
a899aa9d1d,2.25.307021710202910067378603383388989711646,lh,2.25.307021710202910067378603383388989711646/series_004_2_CR/A2504110565 DXA/CR DXA/CR000004.dcm,280,265,,,True,64.9,193.7,160.4,39.4,63.5,52.4,True,True,True,True,0.0
55bb173ad7,2.25.307021710202910067378603383388989711646,rh,2.25.307021710202910067378603383388989711646/series_004_2_CR/A2504110565 DXA/CR DXA/CR000001.dcm,280,265,,,True,60.8,90.0,163.5,36.9,61.6,54.6,True,True,True,True,0.0
861d8b7d48,2.25.105033841136787477881326326053319223817,lh,2.25.105033841136787477881326326053319223817/series_001_2_CR/A250790559 DXA/CR DXA/CR000002.dcm,280,265,,,True,68.0,216.4,182.8,41.3,49.9,38.6,True,True,True,True,0.0
ecec6d7686,2.25.172445998420765569384934552191547932566,rh,2.25.172445998420765569384934552191547932566/series_004_2_CR/A2507368766 DXA/CR DXA/CR000001.dcm,280,291,,,True,69.4,85.0,180.6,42.1,67.0,51.6,True,True,True,True,0.0
046a5d193e,2.25.190331309633057244929837507901317950031,lh,2.25.190331309633057244929837507901317950031/series_001_2_CR/A250791815 DXA/CR DXA/CR000000.dcm,280,235,minor_flat,,True,66.1,216.3,197.2,40.1,22.9,38.7,True,False,True,False,0.0
c51737f67b,2.25.234651502352368356456298825489565282446,rh,2.25.234651502352368356456298825489565282446/series_002_2_CR/A2504307193 DXA/CR DXA/CR000000.dcm,280,233,,,True,78.9,51.5,193.7,47.9,23.8,31.2,True,False,True,False,0.0
2c3f651abf,2.25.314147167453134440746270747484612743945,rh,2.25.314147167453134440746270747484612743945/series_002_2_CR/A2504224780 DXA/CR DXA/CR000000.dcm,280,237,minor_flat,,True,61.8,59.8,166.8,37.5,42.6,36.3,True,True,True,True,0.0
7c087dc453,2.25.11175860580562939441493697221497597640,rh,2.25.11175860580562939441493697221497597640/series_003_2_CR/A2507431060 DXA/CR DXA/CR000000.dcm,280,348,implant,femoral_head_center;neck_center,True,124.6,39.0,239.6,75.7,65.8,23.7,True,True,True,True,
2fc96efaa5,2.25.175881661753775295785039265792986971602,rh,2.25.175881661753775295785039265792986971602/series_003_2_CR/A2507266462 DXA/CR DXA/CR000000.dcm,280,235,,,True,72.5,81.3,159.3,44.0,45.9,49.3,True,True,True,True,0.0
23cd42c66f,2.25.91981043841368764114007975581101713077,rh,2.25.91981043841368764114007975581101713077/series_003_2_CR/A250496619 DXA/CR DXA/CR000002.dcm,280,294,minor_flat,,True,69.0,71.9,204.3,41.9,54.5,43.6,True,True,True,True,0.0
004a70f459,2.25.73070100851377917031356937075051545239,rh,2.25.73070100851377917031356937075051545239/series_002_2_CR/A2504239110 DXA/CR DXA/CR000001.dcm,280,233,minor_flat,trochanter_minor,True,74.0,79.3,175.8,44.9,34.7,48.2,True,True,True,True,0.0
665be33341,2.25.173753313169335820519632380691065649420,rh,2.25.173753313169335820519632380691065649420/series_003_2_CR/A2504265499 DXA/CR DXA/CR000000.dcm,280,207,,,True,63.4,60.5,178.3,38.5,17.4,36.7,True,False,True,False,1.0
c150731889,2.25.82912555346523716720160717883917565880,lh,2.25.82912555346523716720160717883917565880/series_002_2_CR/A2504149480 DXA/CR DXA/CR000000.dcm,280,263,,,True,69.9,233.9,187.9,42.4,45.6,28.0,True,True,True,True,0.0
d99cc957ee,2.25.144941557565802351596730914409170713112,rh,2.25.144941557565802351596730914409170713112/series_001_2_CR/A250728979 DXA/CR DXA/CR000002.dcm,280,268,minor_flat,trochanter_minor,True,86.2,47.2,187.3,52.3,49.0,28.7,True,True,True,True,0.0
e66a452807,2.25.340839477910528898406207279980417945,rh,2.25.340839477910528898406207279980417945/series_001_2_CR/A2504224555 DXA Exam/CR DXA Images/CR000001.dcm,280,346,minor_flat,,True,144.6,84.1,242.7,87.8,62.7,51.1,True,True,True,True,0.0
aea554f29a,2.25.164566280810634620154538016595892212884,rh,2.25.164566280810634620154538016595892212884/series_001_2_CR/A2504291878 DXA Exam/CR DXA Images/CR000000.dcm,280,346,,,True,154.1,55.3,266.1,93.5,48.5,33.6,True,True,True,True,0.0
e86bdfd42d,2.25.134456506307367483341018281460841912845,rh,2.25.134456506307367483341018281460841912845/series_002_2_CR/A2507120612 DXA/CR DXA/CR000002.dcm,280,291,minor_flat,,True,68.7,44.2,183.7,41.7,65.2,26.8,True,True,True,True,0.0
63c60cb374,2.25.165355673991587715046346525964554729786,lh,2.25.165355673991587715046346525964554729786/series_003_3_CR/A2506448267 DXA/CR DXA/CR000000.dcm,280,261,,,True,86.7,230.2,180.0,52.6,49.2,30.2,True,True,True,True,0.0
2f0141e32d,2.25.128990540359421489042453547244535073735,rh,2.25.128990540359421489042453547244535073735/series_002_2_CR/A2507388698 DXA/CR DXA/CR000003.dcm,280,268,minor_flat,trochanter_minor,True,82.7,104.4,188.8,50.2,48.1,63.4,True,True,True,True,0.0
ddcccf36e1,2.25.37515662379281069436632838996073181551,lh,2.25.37515662379281069436632838996073181551/series_001_2_CR/A2504329840 DXA/CR DXA/CR000001.dcm,280,263,minor_flat,,True,60.3,239.4,179.3,36.6,50.8,24.6,True,True,True,True,0.0
daac2fa0ee,2.25.309085571913348252136520206003694446566,lh,2.25.309085571913348252136520206003694446566/series_002_2_CR/A2504116267 DXA/CR DXA/CR000001.dcm,280,289,,,True,71.6,233.1,175.3,43.4,69.0,28.5,True,True,True,True,0.0
8695cdadcf,2.25.11175860580562939441493697221497597640,lh,2.25.11175860580562939441493697221497597640/series_003_2_CR/A2507431060 DXA/CR DXA/CR000002.dcm,280,291,minor_flat,,True,81.1,219.7,191.2,49.3,60.6,36.6,True,True,True,True,0.0
34a90bb320,2.25.102755089973625799055786462646268820450,rh,2.25.102755089973625799055786462646268820450/series_002_2_CR/A2504257770 DXA/CR DXA/CR000002.dcm,280,261,,,True,65.0,57.1,192.2,39.4,41.7,34.7,True,True,True,True,0.0
