study,rel_path,fold,angle_deg,angle_edges_deg,curvature_mm,iliac_area,artifact_score,artifact_len_mm,y_position,y_axis,y_artifacts,comment
1.2.840.113619.2.110.512719.20250403090444,1.2.840.113619.2.110.512719.20250403090444/series_004_3_CR/DXA/CR DXA/CR000000.dcm,4,2.63,1.71,4.0,0.08972701149425287,4.61,9.4,0.0,0.0,0.0,
1.2.840.113619.2.110.512719.20250403092052,1.2.840.113619.2.110.512719.20250403092052/series_003_3_CR/DXA/CR DXA/CR000001.dcm,0,2.63,2.57,7.4,0.055436685469752965,5.57,8.0,0.0,0.0,0.0,
1.2.840.113619.2.110.512719.20250407113211,1.2.840.113619.2.110.512719.20250407113211/series_001_2_CR/DXA/CR DXA/CR000003.dcm,4,1.19,1.27,5.2,0.10410958904109589,3.4,8.5,0.0,0.0,0.0,
2.25.10245777060263212829333021434108890537,2.25.10245777060263212829333021434108890537/series_003_2_CR/A2504412435 DXA/CR DXA/CR000001.dcm,0,-0.72,-3.01,8.6,0.2597854236034036,8.62,15.4,0.0,0.0,0.0,
2.25.102755089973625799055786462646268820450,2.25.102755089973625799055786462646268820450/series_002_2_CR/A2504257770 DXA/CR DXA/CR000001.dcm,3,-6.58,-8.2,11.9,0.09854224058769513,1.65,4.8,0.0,1.0,0.0,
2.25.102965897799404973225419898683246248872,2.25.102965897799404973225419898683246248872/series_001_2_CR/A250726353 DXA/CR DXA/CR000001.dcm,1,3.66,3.55,10.7,0.00019778481012658228,3.76,5.5,0.0,0.0,0.0,сколиоз
2.25.103868781101960771917584077315578649178,2.25.103868781101960771917584077315578649178/series_001_3_CR/A2507485409 DXA/CR DXA/CR000002.dcm,4,-0.13,-4.3,5.6,0.15438871473354232,9.79,16.0,0.0,0.0,0.0,сколиоз
2.25.105033841136787477881326326053319223817,2.25.105033841136787477881326326053319223817/series_001_2_CR/A250790559 DXA/CR DXA/CR000000.dcm,0,2.84,4.92,8.3,0.030817610062893082,5.27,8.4,0.0,0.0,0.0,сколиоз
2.25.108537195937431169718850276671337677972,2.25.108537195937431169718850276671337677972/series_002_2_CR/A250479795 DXA/CR DXA/CR000000.dcm,2,1.81,1.99,9.7,0.04006896551724138,7.81,14.2,0.0,0.0,0.0,
2.25.11175860580562939441493697221497597640,2.25.11175860580562939441493697221497597640/series_003_2_CR/A2507431060 DXA/CR DXA/CR000001.dcm,2,-1.1,2.39,12.4,0.008758470783787239,4.59,12.5,0.0,0.0,1.0,правое бедро эндопротезирования
2.25.112621744005021908434051268014787122937,2.25.112621744005021908434051268014787122937/series_002_2_CR/A2504301685 DXA/CR DXA/CR000000.dcm,2,8.78,6.26,5.7,0.10054118044985624,5.23,13.2,0.0,0.0,0.0,сколиоз
2.25.114887542067602662452692698814728642117,2.25.114887542067602662452692698814728642117/series_001_2_CR/A2504131887 DXA/CR DXA/CR000004.dcm,0,-0.14,-0.39,9.4,0.06373697916666667,15.17,19.2,0.0,0.0,1.0,
2.25.116822802042655971810859435524105064465,2.25.116822802042655971810859435524105064465/series_003_2_CR/A2507273296 DXA/CR DXA/CR000002.dcm,1,-0.13,2.43,6.8,0.04946278825995807,3.57,7.6,0.0,0.0,0.0,
2.25.122446767306607067205618235949445789306,2.25.122446767306607067205618235949445789306/series_001_2_CR/A2504255080 DXA/CR DXA/CR000002.dcm,2,1.65,4.08,3.7,0.10264772109635842,5.23,9.2,0.0,0.0,0.0,
2.25.123175695355749859846173904788591707879,2.25.123175695355749859846173904788591707879/series_001_2_CR/A250722449 DXA/CR DXA/CR000000.dcm,2,-0.39,-1.44,6.1,0.05323518016272762,9.03,16.1,0.0,0.0,0.0,
2.25.124890633326693921702195356152595253940,2.25.124890633326693921702195356152595253940/series_002_2_CR/A2504263153 DXA/CR DXA/CR000000.dcm,2,-3.11,-2.3,4.9,0.05394779245891073,7.11,16.2,0.0,0.0,0.0,
2.25.125521310320333648427417313254965624364,2.25.125521310320333648427417313254965624364/series_001_2_CR/A250444126 DXA/CR DXA/CR000000.dcm,4,0.41,-0.51,4.2,0.0,3.64,6.5,1.0,0.0,0.0,
2.25.126293418391331346694592071563510265596,2.25.126293418391331346694592071563510265596/series_002_3_CR/A2507250865 DXA/CR DXA/CR000001.dcm,3,-0.17,4.65,13.0,0.46755288736420814,2.42,6.5,0.0,0.0,0.0,
2.25.127126130998341190348103034690069487890,2.25.127126130998341190348103034690069487890/series_002_2_CR/A250428736 DXA/CR DXA/CR000000.dcm,4,4.03,3.48,10.4,0.03251858204688393,7.15,13.0,0.0,1.0,0.0,перелом
2.25.12798473087614376830819854616447908612,2.25.12798473087614376830819854616447908612/series_002_2_CR/A2507538847 DXA/CR DXA/CR000000.dcm,1,1.94,1.63,6.9,0.10799028016009148,2.35,8.0,0.0,0.0,0.0,эндопротезирования ТБС
2.25.128197189461989832465575162384360009377,2.25.128197189461989832465575162384360009377/series_001_2_CR/A2507216909 DXA/CR DXA/CR000000.dcm,3,-0.35,-1.43,4.5,0.08632248254889764,17.91,23.6,0.0,0.0,0.0,
2.25.128630285053087246379265602913470285158,2.25.128630285053087246379265602913470285158/series_003_2_CR/A2504394821 DXA/CR DXA/CR000000.dcm,4,2.35,2.71,5.3,0.09393296017499839,15.2,19.3,0.0,0.0,0.0,
2.25.128990540359421489042453547244535073735,2.25.128990540359421489042453547244535073735/series_002_2_CR/A2507388698 DXA/CR DXA/CR000001.dcm,3,-1.21,-2.31,5.0,0.0,2.98,6.9,1.0,0.0,0.0,
2.25.13069823278093578548407087310307113784,2.25.13069823278093578548407087310307113784/series_003_2_CR/A2507242667 DXA/CR DXA/CR000001.dcm,4,0.25,0.92,4.8,0.11407377706495589,4.67,11.3,0.0,0.0,0.0,
2.25.132083163398091874662674590622589534350,2.25.132083163398091874662674590622589534350/series_003_2_CR/A2507386583 DXA Exam/CR DXA Images/CR000001.dcm,3,4.42,7.2,10.3,0.1435634328358209,8.55,12.7,0.0,0.0,0.0,сколиоз
2.25.132272637351979990811754009849547633391,2.25.132272637351979990811754009849547633391/series_003_3_CR/A2504141080 DXA/CR DXA/CR000002.dcm,4,3.98,10.29,8.8,0.0,67.68,50.3,0.0,0.0,0.0,
2.25.13325817932854000792938662637654885530,2.25.13325817932854000792938662637654885530/series_002_2_CR/A2507365486 DXA/CR DXA/CR000000.dcm,0,3.89,2.89,7.0,0.25095706863549355,5.03,10.3,0.0,0.0,0.0,
2.25.134456506307367483341018281460841912845,2.25.134456506307367483341018281460841912845/series_002_2_CR/A2507120612 DXA/CR DXA/CR000001.dcm,0,1.45,1.68,5.7,0.12358427714856762,7.83,11.0,0.0,0.0,0.0,
2.25.135241889065705954191821710363605596815,2.25.135241889065705954191821710363605596815/series_003_3_CR/A250715060 DXA/CR DXA/CR000001.dcm,1,1.25,1.4,6.0,0.07916561950238754,7.69,12.5,0.0,0.0,0.0,
2.25.13566237352084812982996047541944701548,2.25.13566237352084812982996047541944701548/series_002_2_CR/A2504268931 DXA/CR DXA/CR000000.dcm,3,1.45,4.15,8.0,0.1943014705882353,3.45,9.1,0.0,0.0,0.0,
2.25.137344827330550141320158285144101816664,2.25.137344827330550141320158285144101816664/series_003_3_CR/A2507146630 DXA/CR DXA/CR000000.dcm,4,0.55,1.75,3.6,0.04153707927292833,142.68,55.8,0.0,0.0,0.0,
2.25.137675513852774974135210999345676405116,2.25.137675513852774974135210999345676405116/series_001_2_CR/A2504106597 DXA/CR DXA/CR000000.dcm,0,2.92,2.89,6.4,0.05334813170551239,8.96,14.7,0.0,0.0,0.0,
2.25.13983650679559142983913935144968795415,2.25.13983650679559142983913935144968795415/series_003_2_CR/A2504335111 DXA/CR DXA/CR000000.dcm,1,-0.22,0.3,5.0,0.08913607712272896,7.23,11.6,0.0,0.0,0.0,
2.25.144941557565802351596730914409170713112,2.25.144941557565802351596730914409170713112/series_001_2_CR/A250728979 DXA/CR DXA/CR000006.dcm,1,4.75,2.1,4.5,0.075125702454895,4.63,11.5,0.0,0.0,0.0,
2.25.145848300160680194368420189079847088556,2.25.145848300160680194368420189079847088556/series_002_2_CR/A2504248615 DXA Exam/CR DXA Images/CR000002.dcm,2,1.96,3.15,10.0,0.10552393706059592,6.86,12.5,0.0,0.0,0.0,
2.25.151186844055172005615813066162721550889,2.25.151186844055172005615813066162721550889/series_002_2_CR/A250436130 DXA/CR DXA/CR000000.dcm,3,-2.8,-2.17,6.3,0.23255813953488372,68.48,41.8,0.0,0.0,0.0,
2.25.156021661584944120526934974594604520993,2.25.156021661584944120526934974594604520993/series_003_2_CR/A2507142228 DXA/CR DXA/CR000000.dcm,2,1.29,3.88,8.1,0.07833004296829636,10.77,16.5,0.0,0.0,0.0,
2.25.156375884487675936513403083218009333856,2.25.156375884487675936513403083218009333856/series_003_2_CR/A250727121 DXA/CR DXA/CR000001.dcm,3,0.12,-0.03,5.5,0.1373864430468204,10.77,12.3,0.0,0.0,1.0,
2.25.156389075510671877606923458507011517218,2.25.156389075510671877606923458507011517218/series_001_2_CR/A2507389755 DXA/CR DXA/CR000002.dcm,0,-0.8,-0.47,5.5,0.16406533575317606,10.43,17.8,0.0,0.0,0.0,
2.25.157462338378550185821790046400986801350,2.25.157462338378550185821790046400986801350/series_001_2_CR/A2507498707 DXA/CR DXA/CR000000.dcm,0,0.09,0.51,4.1,0.05897988505747127,6.17,13.9,0.0,0.0,0.0,
2.25.158197739569377798130962967413133224194,2.25.158197739569377798130962967413133224194/series_002_2_CR/A2504245497 DXA/CR DXA/CR000000.dcm,4,-2.44,-2.42,6.5,0.0,2.0,4.8,0.0,0.0,0.0,
2.25.158646777318759504110695916200521633609,2.25.158646777318759504110695916200521633609/series_003_6_CR/A2507266260 DXA/CR DXA/CR000001.dcm,2,-2.31,-0.33,5.8,0.13308823529411765,63.29,60.1,0.0,0.0,1.0,
2.25.159930383074323525630608416881201447861,2.25.159930383074323525630608416881201447861/series_002_2_CR/A2507139428 DXA/CR DXA/CR000000.dcm,2,-0.78,1.04,5.3,0.04912033779028853,8.56,15.8,0.0,0.0,0.0,
2.25.164566280810634620154538016595892212884,2.25.164566280810634620154538016595892212884/series_001_2_CR/A2504291878 DXA Exam/CR DXA Images/CR000001.dcm,2,2.39,3.63,3.6,0.0,1.48,4.2,1.0,0.0,0.0,
2.25.165091430504580219034019815337441064349,2.25.165091430504580219034019815337441064349/series_001_2_CR/A2504415443 DXA/CR DXA/CR000002.dcm,2,-3.47,-4.59,5.8,0.024213372664700097,5.74,11.0,0.0,0.0,0.0,
2.25.165355673991587715046346525964554729786,2.25.165355673991587715046346525964554729786/series_003_3_CR/A2506448267 DXA/CR DXA/CR000001.dcm,1,3.05,5.73,13.3,0.6314465408805031,1.5,6.5,0.0,0.0,1.0,
2.25.167344201679287285499405412654740659745,2.25.167344201679287285499405412654740659745/series_003_2_CR/A2504249537 DXA/CR DXA/CR000002.dcm,1,-2.49,-3.31,4.9,0.0,1.3,4.2,0.0,0.0,0.0,
2.25.16773626720107440979805052259711419763,2.25.16773626720107440979805052259711419763/series_004_2_CR/A2507537392 DXA/CR DXA/CR000000.dcm,3,3.21,2.19,11.8,0.035736677115987464,5.26,11.5,0.0,0.0,0.0,
2.25.168317503020329569414190677927680518621,2.25.168317503020329569414190677927680518621/series_004_2_CR/A2507557128 DXA/CR DXA/CR000003.dcm,1,3.58,0.44,3.4,0.04818258664412511,2.52,6.8,0.0,0.0,0.0,
2.25.169242707068684757906797344800977707240,2.25.169242707068684757906797344800977707240/series_003_2_CR/A2507185832 DXA/CR DXA/CR000000.dcm,1,0.8,-2.18,5.9,0.26503496503496504,5.84,10.0,0.0,0.0,0.0,
2.25.172445998420765569384934552191547932566,2.25.172445998420765569384934552191547932566/series_004_2_CR/A2507368766 DXA/CR DXA/CR000000.dcm,4,3.69,4.01,7.7,0.029739210004575262,6.43,13.4,0.0,0.0,1.0,
2.25.173731186748227489808861376513577450951,2.25.173731186748227489808861376513577450951/series_002_2_CR/A2507188958 DXA/CR DXA/CR000000.dcm,0,-4.04,-3.36,6.8,0.15649212430821627,5.46,14.2,0.0,0.0,0.0,
2.25.173753313169335820519632380691065649420,2.25.173753313169335820519632380691065649420/series_003_2_CR/A2504265499 DXA/CR DXA/CR000002.dcm,1,2.68,5.78,9.5,0.2408247750975241,7.14,10.8,0.0,1.0,0.0,
2.25.175881661753775295785039265792986971602,2.25.175881661753775295785039265792986971602/series_003_2_CR/A2507266462 DXA/CR DXA/CR000001.dcm,3,-3.4,-5.13,6.6,0.15510235974370995,2.81,7.6,0.0,0.0,0.0,сколиоз
2.25.175903805423871105435148927871625232853,2.25.175903805423871105435148927871625232853/series_001_2_CR/A2507159447 DXA/CR DXA/CR000000.dcm,4,0.37,1.28,4.3,0.1252637130801688,4.51,8.2,0.0,0.0,0.0,
2.25.17706555930735581384953296958427669848,2.25.17706555930735581384953296958427669848/series_004_3_CR/A2504146513 DXA/CR DXA/CR000001.dcm,4,3.81,4.82,8.4,0.030569873997709048,6.65,9.2,0.0,0.0,1.0,
2.25.177745077805190810016231350557005569203,2.25.177745077805190810016231350557005569203/series_002_2_CR/A2504273759 DXA/CR DXA/CR000001.dcm,4,1.07,2.23,5.1,0.31102898268819296,13.32,16.5,0.0,0.0,0.0,
2.25.178533355209696795441380751187185128893,2.25.178533355209696795441380751187185128893/series_003_2_CR/A2507155452 DXA/CR DXA/CR000000.dcm,0,5.65,7.39,7.0,0.16599281221922732,11.01,17.8,0.0,0.0,0.0,сколиоз
2.25.181196659018348153828200695057897449628,2.25.181196659018348153828200695057897449628/series_004_2_CR/A2507370620 DXA/CR DXA/CR000002.dcm,0,2.87,3.05,3.6,0.28585188962547453,4.78,9.3,0.0,0.0,0.0,
2.25.184198356665635336833172191504278054074,2.25.184198356665635336833172191504278054074/series_004_2_CR/A250788286 DXA/CR DXA/CR000000.dcm,4,-2.24,-1.76,5.3,0.24367755532139093,20.52,21.7,0.0,0.0,0.0,
2.25.186201010600484120326273381077449377115,2.25.186201010600484120326273381077449377115/series_004_2_CR/A250777475 DXA/CR DXA/CR000007.dcm,4,1.63,3.86,5.6,0.2112591605596269,23.21,30.6,0.0,0.0,0.0,
2.25.190331309633057244929837507901317950031,2.25.190331309633057244929837507901317950031/series_001_2_CR/A250791815 DXA/CR DXA/CR000003.dcm,4,4.0,3.86,9.5,0.04589326857214023,12.97,13.3,0.0,1.0,0.0,
2.25.190807933410234695931591553323782771995,2.25.190807933410234695931591553323782771995/series_002_3_CR/A250762254 DXA/CR DXA/CR000000.dcm,0,2.9,-0.17,3.4,0.0,67.21,41.9,0.0,0.0,1.0,
2.25.215177279960644564778148238928738915103,2.25.215177279960644564778148238928738915103/series_002_2_CR/A2504147013 DXA/CR DXA/CR000001.dcm,3,3.61,2.96,4.4,0.09734329597343296,2.5,6.3,0.0,0.0,0.0,
2.25.217397325224876728316360420804118329081,2.25.217397325224876728316360420804118329081/series_002_2_CR/A250474631 DXA/CR DXA/CR000002.dcm,1,4.26,4.77,5.3,0.17391862405339495,18.18,23.7,0.0,0.0,0.0,
2.25.220866240977467582196609708837940253840,2.25.220866240977467582196609708837940253840/series_001_2_CR/A2504258893 DXA/CR DXA/CR000000.dcm,1,8.72,10.05,8.9,0.0023451657605798957,2.42,7.8,0.0,1.0,0.0,
2.25.234651502352368356456298825489565282446,2.25.234651502352368356456298825489565282446/series_002_2_CR/A2504307193 DXA/CR DXA/CR000002.dcm,1,1.05,1.76,14.4,0.0,3.58,7.7,0.0,0.0,0.0,
2.25.247714038039430659432048101646401574824,2.25.247714038039430659432048101646401574824/series_002_2_CR/A2504238024 DXA Exam/CR DXA Images/CR000002.dcm,4,1.52,0.5,3.7,0.0,174.3,77.5,0.0,0.0,1.0,
2.25.269648774413746842548908998641183395622,2.25.269648774413746842548908998641183395622/series_001_2_CR/A2504393664 DXA/CR DXA/CR000001.dcm,0,2.43,2.78,7.7,0.12437106918238994,137.6,61.2,0.0,1.0,1.0,
2.25.269742577365511543488820993979123763373,2.25.269742577365511543488820993979123763373/series_003_2_CR/A250477751 DXA/CR DXA/CR000000.dcm,0,7.37,11.09,4.7,0.06417240826790578,11.12,17.4,0.0,0.0,0.0,сколиоз
2.25.272690031744216183651627058502316132741,2.25.272690031744216183651627058502316132741/series_002_2_CR/A2504373414 DXA/CR DXA/CR000001.dcm,3,-8.16,-6.89,7.1,0.0,3.5,7.8,0.0,0.0,0.0,
2.25.276415754443998872860614500027519740375,2.25.276415754443998872860614500027519740375/series_002_2_CR/A2504387089 DXA/CR DXA/CR000000.dcm,2,-0.57,6.05,13.1,0.0,1.81,6.0,0.0,0.0,0.0,сколиоз
2.25.277752758923974029595977676354128739670,2.25.277752758923974029595977676354128739670/series_002_2_CR/A2504223752 DXA/CR DXA/CR000004.dcm,2,2.22,2.55,4.4,0.06317278227390587,93.59,56.4,0.0,0.0,1.0,
2.25.286999464611662854355201599068538813496,2.25.286999464611662854355201599068538813496/series_003_2_CR/A2504223477 DXA/CR DXA/CR000001.dcm,1,-0.39,1.01,4.7,0.0,6.64,9.7,0.0,0.0,0.0,сколиоз
2.25.29638026465755240167985424461715024381,2.25.29638026465755240167985424461715024381/series_004_3_CR/A2504115579 DXA/CR DXA/CR000001.dcm,4,2.49,3.0,4.8,0.0008773029201654342,4.33,7.8,1.0,0.0,0.0,
2.25.306921081709806079165809721263236241032,2.25.306921081709806079165809721263236241032/series_002_2_CR/A2504381177 DXA/CR DXA/CR000000.dcm,2,-2.65,-0.63,7.0,0.09092905776411157,5.35,9.8,0.0,0.0,0.0,
2.25.307021710202910067378603383388989711646,2.25.307021710202910067378603383388989711646/series_004_2_CR/A2504110565 DXA/CR DXA/CR000000.dcm,1,0.37,1.0,6.1,0.09342243186582809,65.41,43.6,0.0,0.0,1.0,
2.25.309085571913348252136520206003694446566,2.25.309085571913348252136520206003694446566/series_002_2_CR/A2504116267 DXA/CR DXA/CR000000.dcm,3,-2.81,-2.22,5.3,0.06605351170568562,5.77,13.0,0.0,1.0,0.0,
2.25.314147167453134440746270747484612743945,2.25.314147167453134440746270747484612743945/series_002_2_CR/A2504224780 DXA/CR DXA/CR000002.dcm,3,1.91,2.46,5.9,0.09282700421940929,3.29,6.8,0.0,0.0,0.0,
2.25.322202456901330781765399791024580391565,2.25.322202456901330781765399791024580391565/series_002_2_CR/A2504350020 DXA/CR DXA/CR000000.dcm,4,-2.59,-3.41,8.3,0.12815428983417448,13.71,20.8,0.0,0.0,0.0,сколиоз
2.25.338439598607961312040815816824093323492,2.25.338439598607961312040815816824093323492/series_002_2_CR/A2504147124 DXA/CR DXA/CR000000.dcm,2,7.1,2.04,8.9,0.04139952372229346,55.95,53.5,0.0,0.0,1.0,сколиоз
2.25.339027809107632348165171236474821772940,2.25.339027809107632348165171236474821772940/series_001_2_CR/A2504349642 DXA/CR DXA/CR000001.dcm,1,3.18,1.07,12.0,0.31511936339522545,6.11,15.4,0.0,0.0,0.0,сколиоз
2.25.340839477910528898406207279980417945,2.25.340839477910528898406207279980417945/series_001_2_CR/A2504224555 DXA Exam/CR DXA Images/CR000002.dcm,3,2.35,2.5,5.8,0.057875768496926015,5.82,12.4,0.0,0.0,0.0,
2.25.37515662379281069436632838996073181551,2.25.37515662379281069436632838996073181551/series_001_2_CR/A2504329840 DXA/CR DXA/CR000000.dcm,1,7.28,8.32,4.7,0.0,3.0,9.4,0.0,1.0,0.0,Хороший пример отклонения оси при КТ п-ка
2.25.39068163399801173920284179500049527111,2.25.39068163399801173920284179500049527111/series_002_2_CR/A2504195842 DXA/CR DXA/CR000002.dcm,2,3.02,3.51,5.7,0.24150943396226415,8.5,16.3,0.0,1.0,1.0,
2.25.48906424954135283790354958243772558962,2.25.48906424954135283790354958243772558962/series_001_2_CR/A2504185596 DXA Exam/CR DXA Images/CR000002.dcm,0,0.66,2.21,6.6,0.2242244364355876,26.08,28.2,0.0,0.0,1.0,Требует внимание
2.25.52532476139575422857225834315571570912,2.25.52532476139575422857225834315571570912/series_001_2_CR/A2504247961 DXA/CR DXA/CR000000.dcm,0,-5.97,-3.48,11.6,0.034111458162091074,2.14,5.9,0.0,0.0,0.0,"Сколиоз, не верня разметка "
2.25.52982400970721161435951723390541696819,2.25.52982400970721161435951723390541696819/series_001_2_CR/A2504331065 DXA/CR DXA/CR000002.dcm,0,0.8,2.23,5.7,0.0,2.38,5.3,1.0,0.0,0.0,"L6, люмбализация"
2.25.54396839637320114639948764487283877793,2.25.54396839637320114639948764487283877793/series_003_2_CR/A2504111090 DXA/CR DXA/CR000000.dcm,2,-1.72,-6.88,6.8,0.0012748597654258032,11.54,19.1,0.0,0.0,0.0,
2.25.59542620917302828428419211045951914336,2.25.59542620917302828428419211045951914336/series_001_2_CR/A2504303391 DXA/CR DXA/CR000000.dcm,3,-0.48,0.72,5.9,0.0,53.34,46.6,0.0,0.0,1.0,
2.25.65954778282254353457041255543338557112,2.25.65954778282254353457041255543338557112/series_004_3_CR/A2504246289 DXA/CR DXA/CR000002.dcm,3,-0.03,0.23,2.5,0.10173880873103959,4.0,8.8,0.0,0.0,0.0,
2.25.66397484472966116002950503539482860450,2.25.66397484472966116002950503539482860450/series_001_2_CR/A2504194637 DXA/CR DXA/CR000004.dcm,0,0.65,0.79,5.3,0.1319533492092569,11.55,16.0,0.0,0.0,0.0,
2.25.73070100851377917031356937075051545239,2.25.73070100851377917031356937075051545239/series_002_2_CR/A2504239110 DXA/CR DXA/CR000002.dcm,2,4.09,5.28,5.6,0.0,7.16,11.1,0.0,1.0,0.0,"Отклонение оси, нет малых вертелов"
2.25.76710355977373089612172037086913478687,2.25.76710355977373089612172037086913478687/series_002_3_CR/A2504104830 DXA/CR DXA/CR000001.dcm,3,-2.36,-3.01,6.1,0.288062181084609,13.73,22.7,0.0,0.0,0.0,
2.25.78999454687125053757525542837745968726,2.25.78999454687125053757525542837745968726/series_004_3_CR/A2504222617 DXA/CR DXA/CR000002.dcm,0,2.35,2.1,7.0,0.26394806248731995,39.59,33.1,0.0,0.0,0.0,Требует внимание
2.25.82912555346523716720160717883917565880,2.25.82912555346523716720160717883917565880/series_002_2_CR/A2504149480 DXA/CR DXA/CR000001.dcm,3,2.12,1.34,3.6,0.050923168552709945,20.48,30.6,0.0,0.0,0.0,Хороший пример ротации 
2.25.87718478011637131470224319788530286374,2.25.87718478011637131470224319788530286374/series_002_2_CR/A2504337993 DXA/CR DXA/CR000000.dcm,2,-1.51,-3.11,6.6,0.001066477070742979,9.9,14.7,0.0,0.0,0.0,
2.25.87869906212286587478854831452123526595,2.25.87869906212286587478854831452123526595/series_002_2_CR/A250419699 DXA/CR DXA/CR000001.dcm,3,5.67,6.31,6.9,0.07135945815191098,57.76,49.0,0.0,0.0,1.0,
2.25.91981043841368764114007975581101713077,2.25.91981043841368764114007975581101713077/series_003_2_CR/A250496619 DXA/CR DXA/CR000004.dcm,1,0.72,1.65,7.9,0.11604390183746455,4.38,8.4,1.0,0.0,0.0,
